CREATE DATABASE  IF NOT EXISTS `integracionesolt` /*!40100 DEFAULT CHARACTER SET utf8mb4 COLLATE utf8mb4_0900_ai_ci */ /*!80016 DEFAULT ENCRYPTION='N' */;
USE `integracionesolt`;
-- MySQL dump 10.13  Distrib 8.0.34, for Win64 (x86_64)
--
-- Host: 192.168.10.51    Database: integracionesolt
-- ------------------------------------------------------
-- Server version	8.0.36-0ubuntu0.22.04.1

/*!40101 SET @OLD_CHARACTER_SET_CLIENT=@@CHARACTER_SET_CLIENT */;
/*!40101 SET @OLD_CHARACTER_SET_RESULTS=@@CHARACTER_SET_RESULTS */;
/*!40101 SET @OLD_COLLATION_CONNECTION=@@COLLATION_CONNECTION */;
/*!50503 SET NAMES utf8 */;
/*!40103 SET @OLD_TIME_ZONE=@@TIME_ZONE */;
/*!40103 SET TIME_ZONE='+00:00' */;
/*!40014 SET @OLD_UNIQUE_CHECKS=@@UNIQUE_CHECKS, UNIQUE_CHECKS=0 */;
/*!40014 SET @OLD_FOREIGN_KEY_CHECKS=@@FOREIGN_KEY_CHECKS, FOREIGN_KEY_CHECKS=0 */;
/*!40101 SET @OLD_SQL_MODE=@@SQL_MODE, SQL_MODE='NO_AUTO_VALUE_ON_ZERO' */;
/*!40111 SET @OLD_SQL_NOTES=@@SQL_NOTES, SQL_NOTES=0 */;

--
-- Table structure for table `abn_sn`
--

DROP TABLE IF EXISTS `abn_sn`;
/*!40101 SET @saved_cs_client     = @@character_set_client */;
/*!50503 SET character_set_client = utf8mb4 */;
CREATE TABLE `abn_sn` (
  `id` int NOT NULL AUTO_INCREMENT,
  `username` text,
  `sn` text,
  `filial` text,
  PRIMARY KEY (`id`)
) ENGINE=InnoDB AUTO_INCREMENT=1258 DEFAULT CHARSET=utf8mb4 COLLATE=utf8mb4_0900_ai_ci;
/*!40101 SET character_set_client = @saved_cs_client */;

--
-- Dumping data for table `abn_sn`
--

LOCK TABLES `abn_sn` WRITE;
/*!40000 ALTER TABLE `abn_sn` DISABLE KEYS */;
INSERT INTO `abn_sn` VALUES (1,'12370@05010406','HWTCD2B6C4AA','Chosica'),(2,'11952@05010201','DC806AB63AC0','Chosica'),(3,'12141@05010116','DC806A9E8592','Chosica'),(4,'11085@05010311','DC806AB63AE8','Chosica'),(5,'2602@05010202','OPTI36A6029D','Chosica'),(6,'7542@05010216','DC806AB65998','Chosica'),(7,'12523@05010407','OPTI2C6D6285','Chosica'),(8,'12063@05010506','DC806A9EA332','Chosica'),(9,'584@05010204','DC80E638CF76','Chosica'),(10,'11752@05010413','FHTCAF95C030','Chosica'),(11,'8874@05010207','DC806A9E9FDA','Chosica'),(12,'12697@05010402','FHTCAF95A9D0','Chosica'),(13,'12558@05010107','HWTCD94E58AA','Chosica'),(14,'6647@05010112','DC806AB629E8','Chosica'),(15,'12059@05010111','DC806A9EA7CA','Chosica'),(16,'12396@05010309','DC806A9EB9BA','Chosica'),(17,'4481@05010311','DC806AB600A0','Chosica'),(18,'786@05010201','DC806AB60030','Chosica'),(19,'12177@05010109','DC806A9E9EEA','Chosica'),(20,'12228@05010210','DC806A9E9FD2','Chosica'),(21,'11560@05010213','DC806AB62470','Chosica'),(22,'11004@05010205','OPTI2C6D635D','Chosica'),(23,'9827@05010206','OPTI338191A5','Chosica'),(24,'11450@05010209','ZTEGCF52168A','Chosica'),(25,'11596@05010115','ZTEGCF52167E','Chosica'),(26,'11882@05010202','ZTEGCF51FB3A','Chosica'),(27,'11654@05010110','ZTEGCF51FAC2','Chosica'),(28,'11390@05010105','ZTEGCF51FA97','Chosica'),(29,'12800@05010206','ZTEG0092A971','Chosica'),(30,'2301@05010402','ZTEG0092A6E5','Chosica'),(31,'12344@05010308','ZTEG008E5C2D','Chosica'),(32,'13575@05010314','ZTEG008E5BC5','Chosica'),(33,'13481@05010409','ZTEG008E58B5','Chosica'),(34,'13561@05010306','ZTEG008E5881','Chosica'),(35,'13549@05010204','ZTEG008E56C5','Chosica'),(36,'12430@05010113','ZTEG008E55C1','Chosica'),(37,'11304@05010501','ZTEG008E5589','Chosica'),(38,'13509@05010301','ZTEG008E5471','Chosica'),(39,'12677@05010513','ZTEG008E4FFD','Chosica'),(40,'12683@05010406','OPTI36A65A5D','Chosica'),(41,'3727@05010507','OPTI36A65A45','Chosica'),(42,'13599@05010111','OPTI36A65A2D','Chosica'),(43,'8885@05010210','OPTI36A659CD','Chosica'),(44,'10657@05010115','OPTI36A61A3D','Chosica'),(45,'12481@05010503','OPTI36A60AF5','Chosica'),(46,'13598@05010511','OPTI36A5F5F5','Chosica'),(47,'11056@05010113','OPTI36A5F4D5','Chosica'),(48,'10226@05010709','OPTI36A5F42D','Chosica'),(49,'12373@05010716','OPTI36A5C60D','Chosica'),(50,'9596@05010212','OPTI36A11895','Chosica'),(51,'13319@05010106','OPTI36A1040D','Chosica'),(52,'13637@05010505','OPTI36A0209D','Chosica'),(53,'6156@05010404','OPTI369FC805','Chosica'),(54,'13586@05010209','OPTI369F9FE5','Chosica'),(55,'9665@05010605','OPTI369F8B2D','Chosica'),(56,'2677@05010403','OPTI369F87FD','Chosica'),(57,'1492@05010414','OPTI359C687D','Chosica'),(58,'11446@05010415','OPTI359BFA25','Chosica'),(59,'13616@05010412','OPTI359BF97D','Chosica'),(60,'5410@05010210','OPTI359BF965','Chosica'),(61,'3514@05010403','OPTI359B622D','Chosica'),(62,'13591@05010706','OPTI359B61E5','Chosica'),(63,'13594@05010711','OPTI359B60F5','Chosica'),(64,'3733@05010515','OPTI359AFF75','Chosica'),(65,'13632@05010110','OPTI359A4665','Chosica'),(66,'13641@05010107','OPTI359A39ED','Chosica'),(67,'13066@05011208','OPTI359A3915','Chosica'),(68,'12664@05010509','OPTI3599717D','Chosica'),(69,'12593@05010505','OPTI3599711D','Chosica'),(70,'13612@05010414','OPTI3599708D','Chosica'),(71,'13638@05010505','OPTI35995B15','Chosica'),(72,'13633@05010416','OPTI35995995','Chosica'),(73,'13628@05010314','OPTI3599552D','Chosica'),(74,'13629@05010503','OPTI35995515','Chosica'),(75,'7033@05010405','OPTI349A011D','Chosica'),(76,'12735@05010402','OPTI349A00ED','Chosica'),(77,'12114@05010408','OPTI3499A735','Chosica'),(78,'13374@05010115','OPTI3496CAED','Chosica'),(79,'11811@05010213','OPTI3496C2AD','Chosica'),(80,'13378@05010315','OPTI34967BFD','Chosica'),(81,'13389@05010614','OPTI34967BE5','Chosica'),(82,'7972@05010411','OPTI34965755','Chosica'),(83,'11352@05010206','OPTI349656DD','Chosica'),(84,'6052@05010409','OPTI3496558D','Chosica'),(85,'13280@05010306','OPTI34962BD5','Chosica'),(86,'3842@05010309','OPTI34953DFD','Chosica'),(87,'3905@05010309','OPTI34953DCD','Chosica'),(88,'11856@05010207','OPTI3494B955','Chosica'),(89,'9571@05010604','OPTI3494B87D','Chosica'),(90,'9294@05010115','OPTI3494B81D','Chosica'),(91,'13417@05010601','OPTI3494AA3D','Chosica'),(92,'13421@05010409','OPTI3494A7CD','Chosica'),(93,'13227@05010510','OPTI3494203D','Chosica'),(94,'9632@05010216','OPTI34941F65','Chosica'),(95,'11407@05010406','OPTI3493B755','Chosica'),(96,'13198@05010212','OPTI349391A5','Chosica'),(97,'11840@05010411','OPTI34938EA5','Chosica'),(98,'12119@05010204','OPTI3491503D','Chosica'),(99,'9458@05010207','OPTI3388A6F5','Chosica'),(100,'12876@05010406','OPTI3388A5D5','Chosica'),(101,'8640@05010209','OPTI33885985','Chosica'),(102,'12845@05010208','OPTI338858F5','Chosica'),(103,'9044@05010115','OPTI338858DD','Chosica'),(104,'12884@05010501','OPTI33885895','Chosica'),(105,'12871@05010513','OPTI33885835','Chosica'),(106,'2676@05010408','OPTI338857ED','Chosica'),(107,'6636@05010514','OPTI338857A5','Chosica'),(108,'7437@05010301','OPTI338856CD','Chosica'),(109,'11643@05010307','OPTI338856B5','Chosica'),(110,'10978@05010213','OPTI33885685','Chosica'),(111,'12866@05010202','OPTI3388566D','Chosica'),(112,'10502@05010405','OPTI338851BD','Chosica'),(113,'5854@05010214','OPTI3388515D','Chosica'),(114,'12921@05010505','OPTI338850E5','Chosica'),(115,'12936@05010301','OPTI338850CD','Chosica'),(116,'5135@05010502','OPTI33884FF5','Chosica'),(117,'12942@05010215','OPTI33884FDD','Chosica'),(118,'9654@05010215','OPTI33884EED','Chosica'),(119,'10007@05010405','OPTI3388458D','Chosica'),(120,'12897@05010208','OPTI3388452D','Chosica'),(121,'10534@05010401','OPTI338844FD','Chosica'),(122,'10786@05010204','OPTI33884485','Chosica'),(123,'10388@05010407','OPTI33882805','Chosica'),(124,'12855@05010306','OPTI3388275D','Chosica'),(125,'12916@05010412','OPTI338824A5','Chosica'),(126,'13006@05010307','OPTI3388248D','Chosica'),(127,'1265@05010411','OPTI338823FD','Chosica'),(128,'12917@05010208','OPTI338822AD','Chosica'),(129,'12948@05010212','OPTI338821ED','Chosica'),(130,'12953@05010411','OPTI338821D5','Chosica'),(131,'12345@05010408','OPTI33852355','Chosica'),(132,'10843@05010107','OPTI338519C5','Chosica'),(133,'10036@05010211','OPTI33850C15','Chosica'),(134,'12934@05010415','OPTI33850BFD','Chosica'),(135,'12925@05010215','OPTI33850B55','Chosica'),(136,'12782@05010415','OPTI33850B0D','Chosica'),(137,'10662@05010213','OPTI3384FE7D','Chosica'),(138,'12318@05010107','OPTI3384FE65','Chosica'),(139,'12937@05010113','OPTI3384B4CD','Chosica'),(140,'10884@05010404','OPTI3384B43D','Chosica'),(141,'12932@05010501','OPTI33845DE5','Chosica'),(142,'12883@05010501','OPTI33845DCD','Chosica'),(143,'12886@05010208','OPTI33845D85','Chosica'),(144,'8206@05010216','OPTI33845D55','Chosica'),(145,'12924@05010202','OPTI33845CF5','Chosica'),(146,'9358@05010407','OPTI33845C95','Chosica'),(147,'12893@05010411','OPTI33844A05','Chosica'),(148,'12687@05010411','OPTI33823555','Chosica'),(149,'10771@05010313','OPTI338234DD','Chosica'),(150,'9712@05010206','OPTI3382347D','Chosica'),(151,'9953@05010511','OPTI33823405','Chosica'),(152,'9252@05010412','OPTI3382335D','Chosica'),(153,'12822@05010215','OPTI33819565','Chosica'),(154,'12777@05010101','OPTI3381954D','Chosica'),(155,'10836@05010213','OPTI338194ED','Chosica'),(156,'12849@05010503','OPTI33819145','Chosica'),(157,'12838@05010304','OPTI3381912D','Chosica'),(158,'12836@05010306','OPTI33819055','Chosica'),(159,'12839@05010408','OPTI3381900D','Chosica'),(160,'9971@05010509','OPTI33818FF5','Chosica'),(161,'3031@05010515','OPTI33818F1D','Chosica'),(162,'12786@05010508','OPTI33818F05','Chosica'),(163,'12827@05010514','OPTI33818E5D','Chosica'),(164,'12799@05010302','OPTI33818E15','Chosica'),(165,'5954@05010212','OPTI33818DFD','Chosica'),(166,'6798@05010405','OPTI33818665','Chosica'),(167,'10654@05010209','OPTI3381864D','Chosica'),(168,'5842@05010211','OPTI3381855D','Chosica'),(169,'7876@05010407','OPTI33818515','Chosica'),(170,'12842@05010406','OPTI327E5D3D','Chosica'),(171,'11349@05010310','OPTI327E5A3D','Chosica'),(172,'12681@05010409','OPTI327E59DD','Chosica'),(173,'12083@05010110','OPTI327E5965','Chosica'),(174,'12634@05010412','OPTI327E4A4D','Chosica'),(175,'33@05010208','OPTI327E4A35','Chosica'),(176,'9820@05010215','OPTI327E49ED','Chosica'),(177,'12566@05010503','OPTI327E49D5','Chosica'),(178,'12663@05010411','OPTI327E47DD','Chosica'),(179,'12764@05010307','OPTI327E47C5','Chosica'),(180,'12302@05010112','OPTI327E47AD','Chosica'),(181,'12698@05010108','OPTI327E46D5','Chosica'),(182,'8539@05010410','OPTI327E468D','Chosica'),(183,'489@05010401','OPTI327E4645','Chosica'),(184,'12813@05010411','OPTI327E3775','Chosica'),(185,'12773@05010312','OPTI327E2B45','Chosica'),(186,'12798@05010406','OPTI327E2B15','Chosica'),(187,'12788@05010116','OPTI327E2AFD','Chosica'),(188,'12745@05010306','OPTI327E2A0D','Chosica'),(189,'11687@05010401','OPTI327E25ED','Chosica'),(190,'12861@05010413','OPTI327E25D5','Chosica'),(191,'12812@05010214','OPTI327E1E9D','Chosica'),(192,'767@05010113','OPTI327E183D','Chosica'),(193,'12837@05010208','OPTI327E1735','Chosica'),(194,'8272@05010213','OPTI327E129D','Chosica'),(195,'12760@05010310','OPTI327E063D','Chosica'),(196,'3758@05010510','OPTI327E05DD','Chosica'),(197,'7642@05010207','OPTI327E05C5','Chosica'),(198,'12819@05010215','OPTI327E0535','Chosica'),(199,'12778@05010205','OPTI327E04ED','Chosica'),(200,'12808@05010206','OPTI327E04A5','Chosica'),(201,'13054@05010309','OPTI31767065','Chosica'),(202,'12853@05010502','OPTI3176701D','Chosica'),(203,'11284@05010210','OPTI31766F8D','Chosica'),(204,'6524@05010408','OPTI2C6DDB2D','Chosica'),(205,'10348@05010208','OPTI2C6DDAE5','Chosica'),(206,'8017@05010211','OPTI2C6DDACD','Chosica'),(207,'12392@05010211','OPTI2C6DDAB5','Chosica'),(208,'12341@05010212','OPTI2C6DDA85','Chosica'),(209,'6174@05010209','OPTI2C6DDA6D','Chosica'),(210,'12426@05010311','OPTI2C6DDA55','Chosica'),(211,'12408@05010312','OPTI2C6DDA0D','Chosica'),(212,'10193@05010308','OPTI2C6DD9DD','Chosica'),(213,'8534@05010407','OPTI2C6DD9C5','Chosica'),(214,'12381@05010213','OPTI2C6DD995','Chosica'),(215,'11787@05010410','OPTI2C6DAB8D','Chosica'),(216,'12504@05010116','OPTI2C6D9E0D','Chosica'),(217,'12589@05010214','OPTI2C6D9B0D','Chosica'),(218,'12465@05010115','OPTI2C6D941D','Chosica'),(219,'12459@05010216','OPTI2C6D93D5','Chosica'),(220,'11823@05010415','OPTI2C6D93BD','Chosica'),(221,'12635@05010508','OPTI2C6D938D','Chosica'),(222,'606@05010102','OPTI2C6D932D','Chosica'),(223,'5792@05010214','OPTI2C6D9315','Chosica'),(224,'12075@05010108','OPTI2C6D92FD','Chosica'),(225,'7770@05010215','OPTI2C6D92E5','Chosica'),(226,'9096@05010410','OPTI2C6D92CD','Chosica'),(227,'10938@05010116','OPTI2C6D92B5','Chosica'),(228,'12448@05010209','OPTI2C6D9285','Chosica'),(229,'12607@05010403','OPTI2C6D926D','Chosica'),(230,'12652@05010403','OPTI2C6D8C85','Chosica'),(231,'11739@05010302','OPTI2C6D8B95','Chosica'),(232,'12124@05010311','OPTI2C6D8B05','Chosica'),(233,'10982@05010213','OPTI2C6D8AED','Chosica'),(234,'6623@05010211','OPTI2C6D8AD5','Chosica'),(235,'6258@05010107','OPTI2C6D8A15','Chosica'),(236,'6782@05010405','OPTI2C6D89E5','Chosica'),(237,'9789@05010409','OPTI2C6D7F65','Chosica'),(238,'12358@05010307','OPTI2C6D7F05','Chosica'),(239,'9196@05010207','OPTI2C6D7EED','Chosica'),(240,'6944@05010204','OPTI2C6D7EBD','Chosica'),(241,'12431@05010315','OPTI2C6D7E5D','Chosica'),(242,'12474@05010414','OPTI2C6D7E15','Chosica'),(243,'12457@05010207','OPTI2C6D7DFD','Chosica'),(244,'11148@05010216','OPTI2C6D7DE5','Chosica'),(245,'10446@05010107','OPTI2C6D7DCD','Chosica'),(246,'12615@05010408','OPTI2C6D71E5','Chosica'),(247,'12435@05010410','OPTI2C6D7125','Chosica'),(248,'6270@05010203','OPTI2C6D70DD','Chosica'),(249,'7649@05010412','OPTI2C6D6315','Chosica'),(250,'12555@05010505','OPTI2C6D62CD','Chosica'),(251,'2212@05010303','OPTI2C6D629D','Chosica'),(252,'12557@05010606','OPTI2C6D623D','Chosica'),(253,'10256@05010213','OPTI2C6D61F5','Chosica'),(254,'9880@05010113','OPTI2C6D61DD','Chosica'),(255,'12518@05010410','OPTI2C6D61C5','Chosica'),(256,'12256@05010110','OPTI2C6D5235','Chosica'),(257,'12536@05010504','OPTI2C6D5145','Chosica'),(258,'11234@05010205','OPTI2C6D512D','Chosica'),(259,'13047@05010116','MONU0092AF39','Chosica'),(260,'7497@05010407','MONU0092AF21','Chosica'),(261,'5489@05010210','MONU0092AD95','Chosica'),(262,'13611@05010205','MONU0092A825','Chosica'),(263,'13603@05010210','MONU0092A365','Chosica'),(264,'12399@05010213','HWTCD95360AA','Chosica'),(265,'12355@05010408','HWTCD94354AA','Chosica'),(266,'12413@05010408','HWTCD93FE2AA','Chosica'),(267,'12403@05010215','HWTCD93FA7AA','Chosica'),(268,'1269@05010109','HWTCD92F39AA','Chosica'),(269,'12241@05010306','HWTCD2B34FAA','Chosica'),(270,'10919@05010501','HWTCD2B207AA','Chosica'),(271,'3866@05010415','HWTCD2B02FAA','Chosica'),(272,'3976@05010311','HWTCD2AAACAA','Chosica'),(273,'11770@05010112','GPON6B5EF06D','Chosica'),(274,'11828@05010102','GPON6B5EEC9E','Chosica'),(275,'11040@05010204','GPON6B5EE604','Chosica'),(276,'11993@05010107','GPON6B5ED29E','Chosica'),(277,'11753@05010215','GPON6B5ECE8E','Chosica'),(278,'9325@05010106','GPON6B5EC03C','Chosica'),(279,'11768@05010109','GPON6B5EBF6C','Chosica'),(280,'11744@05010111','GPON6B5EBBAA','Chosica'),(281,'11749@05010103','GPON6B5EBA4B','Chosica'),(282,'9581@05010202','GPON6B5EB947','Chosica'),(283,'11726@05010208','GPON6B5EB2BA','Chosica'),(284,'11742@05010202','GPON6B5EB1A9','Chosica'),(285,'11773@05010101','GPON6B5EA5A0','Chosica'),(286,'12032@05010210','GPON6B5E9C62','Chosica'),(287,'12026@05010105','GPON6B5E949D','Chosica'),(288,'11737@05010205','GPON6B5E8CA4','Chosica'),(289,'1848@05010309','GPON6B5E80C2','Chosica'),(290,'3463@05010104','GPON6B5E7E1E','Chosica'),(291,'7298@05010114','GPON6B5E6CE7','Chosica'),(292,'11733@05010210','GPON6B5E638F','Chosica'),(293,'12024@05010204','GPON6B5E5F24','Chosica'),(294,'11617@05010304','GPON6B5E41FE','Chosica'),(295,'11120@05010205','GPON6B5E3DA0','Chosica'),(296,'11566@05010404','GPON6B5E3CF7','Chosica'),(297,'10298@05010110','GPON6B5E3AD5','Chosica'),(298,'11540@05010305','GPON6B5E3795','Chosica'),(299,'11551@05010405','GPON6B5E3754','Chosica'),(300,'6851@05010211','GPON6B5E3706','Chosica'),(301,'11622@05010110','GPON6B5E339F','Chosica'),(302,'12895@05010208','GPON6B5E318A','Chosica'),(303,'11527@05010304','GPON6B5E2EB2','Chosica'),(304,'3545@05010206','GPON6B5E2DFC','Chosica'),(305,'11655@05010304','GPON6B5E2692','Chosica'),(306,'11597@05010105','GPON6B5E121B','Chosica'),(307,'11688@05010210','GPON6B5E0C9F','Chosica'),(308,'11671@05010206','GPON6B5E07D9','Chosica'),(309,'11602@05010108','GPON6B5E0798','Chosica'),(310,'6188@05010110','GPON6B5E03A2','Chosica'),(311,'11532@05010110','GPON6B5DED71','Chosica'),(312,'11631@05010407','GPON6B5DDD17','Chosica'),(313,'11705@05010401','GPON6B5DCB5E','Chosica'),(314,'10323@05010401','GPON6B5DC0E8','Chosica'),(315,'11557@05010304','GPON6B5DBCF2','Chosica'),(316,'11640@05010208','GPON6B5DB63E','Chosica'),(317,'11599@05010108','GPON6B5DA444','Chosica'),(318,'11649@05010304','GPON6B5D95F2','Chosica'),(319,'11579@05010202','GPON6B5D8F7F','Chosica'),(320,'6207@05010112','GPON6B5D89CF','Chosica'),(321,'11607@05010206','GPON6B5D84BB','Chosica'),(322,'11695@05010401','GPON6B5D6496','Chosica'),(323,'11433@05010208','GPON6B583481','Chosica'),(324,'11528@05010401','GPON6B582BD2','Chosica'),(325,'11336@05010208','GPON6B57CB70','Chosica'),(326,'8991@05010401','GPON6B57B7C9','Chosica'),(327,'5280@05010113','GPON6B57B7AF','Chosica'),(328,'11537@05010404','GPON6B57ACDE','Chosica'),(329,'11455@05010214','GPON6B5794BF','Chosica'),(330,'9527@05010407','GPON6B5767C1','Chosica'),(331,'6261@05010404','GPON6B574BD3','Chosica'),(332,'11370@05010103','GPON6B553685','Chosica'),(333,'11508@05010208','GPON6B552DE3','Chosica'),(334,'601@05010107','GPON6B5521B3','Chosica'),(335,'11512@05010203','GPON6B550E26','Chosica'),(336,'11439@05010114','GPON6B5500BE','Chosica'),(337,'5068@05010101','GPON6B54ED17','Chosica'),(338,'6342@05010113','GPON6B54E89F','Chosica'),(339,'11391@05010106','GPON6B54E316','Chosica'),(340,'11498@05010202','GPON6B54E15C','Chosica'),(341,'11409@05010203','GPON6B54DAA8','Chosica'),(342,'11425@05010202','GPON6B54D922','Chosica'),(343,'8748@05010202','GPON6B54D85F','Chosica'),(344,'11379@05010112','GPON6B54D630','Chosica'),(345,'1906@05010202','GPON6B54CF14','Chosica'),(346,'11447@05010403','GPON6B54C887','Chosica'),(347,'11453@05010106','GPON6B54C1AC','Chosica'),(348,'11288@05010107','GPON6B54BEAD','Chosica'),(349,'8475@05010413','GPON6B54B743','Chosica'),(350,'11496@05010109','GPON6B54B35A','Chosica'),(351,'6338@05010110','GPON6B54A5FF','Chosica'),(352,'11435@05010113','GPON6B549B7C','Chosica'),(353,'11307@05010113','GPON6B5499F6','Chosica'),(354,'7922@05010201','GPON6B5498D8','Chosica'),(355,'12908@05010509','GPON6B54982F','Chosica'),(356,'11358@05010110','GPON6B548A6C','Chosica'),(357,'11207@05010706','GPON6B548280','Chosica'),(358,'3844@05010306','GPON6B54824C','Chosica'),(359,'11502@05010407','GPON6B5480C6','Chosica'),(360,'2241@05010108','GPON6B5476D2','Chosica'),(361,'11313@05010202','GPON6B547108','Chosica'),(362,'561@05010111','GPON6B547052','Chosica'),(363,'11522@05010206','GPON6B546FF7','Chosica'),(364,'11311@05010211','GPON6B5457CB','Chosica'),(365,'11448@05010205','GPON6B544347','Chosica'),(366,'11190@05010202','GPON681AD349','Chosica'),(367,'11141@05010205','GPON681ABD9A','Chosica'),(368,'4239@05010304','GPON681A9702','Chosica'),(369,'11140@05010404','GPON681A9222','Chosica'),(370,'11194@05010110','GPON681A883B','Chosica'),(371,'11118@05010201','GPON681A882E','Chosica'),(372,'11152@05010202','GPON681A8160','Chosica'),(373,'11150@05010110','GPON681A7856','Chosica'),(374,'10647@05010113','GPON681A73C4','Chosica'),(375,'6982@05010209','GPON681A7231','Chosica'),(376,'2253@05010203','GPON681A6E6F','Chosica'),(377,'6980@05010208','GPON681A6C26','Chosica'),(378,'11117@05010209','GPON681A6A5F','Chosica'),(379,'5265@05010103','GPON681A6336','Chosica'),(380,'11175@05010203','GPON681A5F5A','Chosica'),(381,'9757@05010209','GPON681A4CDE','Chosica'),(382,'5899@05010214','GPON681A442F','Chosica'),(383,'11173@05010110','GPON681A4046','Chosica'),(384,'11213@05010203','GPON681A3D6E','Chosica'),(385,'11197@05010203','GPON681A378A','Chosica'),(386,'7435@05010208','GPON681A32C4','Chosica'),(387,'11198@05010203','GPON681A15DF','Chosica'),(388,'11063@05010114','GPON681A0EC3','Chosica'),(389,'8205@05010203','GPON681A0D8B','Chosica'),(390,'6874@05010208','GPON681A096E','Chosica'),(391,'11188@05010304','GPON6819EC48','Chosica'),(392,'5918@05010205','GPON6819DEFA','Chosica'),(393,'11051@05010202','GPON6819C548','Chosica'),(394,'11014@05010204','GPON6819AE6E','Chosica'),(395,'8104@05010107','GPON6819AB7C','Chosica'),(396,'5614@05010109','GPON6819A516','Chosica'),(397,'10995@05010113','GPON68199B97','Chosica'),(398,'7241@05010110','GPON6819999C','Chosica'),(399,'6780@05010201','GPON68199857','Chosica'),(400,'10951@05010201','GPON68199676','Chosica'),(401,'3596@05010204','GPON68198BF3','Chosica'),(402,'10955@05010202','GPON68197EF3','Chosica'),(403,'10963@05010208','GPON68197D39','Chosica'),(404,'10939@05010207','GPON681971A5','Chosica'),(405,'11043@05010105','GPON68196F90','Chosica'),(406,'4500@05010204','GPON68196DBC','Chosica'),(407,'10261@05010209','GPON681968A8','Chosica'),(408,'11060@05010201','GPON681967E5','Chosica'),(409,'6810@05010207','GPON68196797','Chosica'),(410,'5102@05010204','GPON68196708','Chosica'),(411,'10989@05010211','GPON681965F7','Chosica'),(412,'3606@05010205','GPON68196283','Chosica'),(413,'11263@05010214','GPON6819620E','Chosica'),(414,'11019@05010214','GPON68195E3F','Chosica'),(415,'11264@05010203','GPON68195CFA','Chosica'),(416,'6910@05010209','GPON681959D4','Chosica'),(417,'11076@05010208','GPON681955B7','Chosica'),(418,'11061@05010205','GPON6819559D','Chosica'),(419,'10997@05010209','GPON68194A71','Chosica'),(420,'8754@05010204','GPON681948EB','Chosica'),(421,'10766@05010210','GPON681944F5','Chosica'),(422,'12427@05010108','GPON68193DBF','Chosica'),(423,'10954@05010207','GPON68193DB2','Chosica'),(424,'10944@05010207','GPON68193C60','Chosica'),(425,'10957@05010209','GPON68193551','Chosica'),(426,'10946@05010104','GPON6819351D','Chosica'),(427,'11069@05010204','GPON68193397','Chosica'),(428,'11067@05010205','GPON68193356','Chosica'),(429,'11028@05010204','GPON68191066','Chosica'),(430,'6002@05010204','GPON681908D5','Chosica'),(431,'11232@05010109','GPON6818FAF8','Chosica'),(432,'11083@05010103','GPON6818F8C9','Chosica'),(433,'11025@05010112','GPON6818EB2D','Chosica'),(434,'12627@05010509','FHTCAF95CF88','Chosica'),(435,'12613@05010504','FHTCAF95CF70','Chosica'),(436,'12689@05010216','FHTCAF95CF60','Chosica'),(437,'8974@05011010','FHTCAF95CD50','Chosica'),(438,'1647@05010507','FHTCAF95CC40','Chosica'),(439,'4720@05010507','FHTCAF95CBB0','Chosica'),(440,'10743@05010107','FHTCAF95CB50','Chosica'),(441,'8882@05010207','FHTCAF95CAB0','Chosica'),(442,'12631@05010506','FHTCAF95C9C8','Chosica'),(443,'12630@05010414','FHTCAF95C630','Chosica'),(444,'7902@05010206','FHTCAF95C5D0','Chosica'),(445,'12684@05010211','FHTCAF95C558','Chosica'),(446,'12619@05010503','FHTCAF95C420','Chosica'),(447,'10889@05010207','FHTCAF95C3B8','Chosica'),(448,'12846@05010505','FHTCAF95C1C8','Chosica'),(449,'12649@05010411','FHTCAF95C190','Chosica'),(450,'10271@05010207','FHTCAF95C0C0','Chosica'),(451,'12727@05010113','FHTCAF95BFC0','Chosica'),(452,'12659@05010215','FHTCAF95BEB8','Chosica'),(453,'12625@05010509','FHTCAF95B778','Chosica'),(454,'5503@05010209','FHTCAF95B750','Chosica'),(455,'12707@05010208','FHTCAF95B328','Chosica'),(456,'9949@05010405','FHTCAF95B2A0','Chosica'),(457,'12533@05010204','FHTCAF95B230','Chosica'),(458,'12739@05010205','FHTCAF95B1F8','Chosica'),(459,'12578@05010503','FHTCAF95B1A0','Chosica'),(460,'9514@05010412','FHTCAF95B048','Chosica'),(461,'12705@05010313','FHTCAF95AF88','Chosica'),(462,'12497@05010305','FHTCAF95AF18','Chosica'),(463,'11168@05010304','FHTCAF95AE60','Chosica'),(464,'2868@05010116','FHTCAF95AE58','Chosica'),(465,'12673@05010504','FHTCAF95AB10','Chosica'),(466,'12722@05010508','FHTCAF95AA08','Chosica'),(467,'12726@05010503','FHTCAF95A9D8','Chosica'),(468,'12524@05010113','FHTCAF95A8D8','Chosica'),(469,'12695@05010101','FHTCAF95A838','Chosica'),(470,'13074@05010106','DF3CA64318EC','Chosica'),(471,'13067@05010515','DF3CA6431868','Chosica'),(472,'6285@05010110','DC80E69341B6','Chosica'),(473,'6273@06010213','DC80E6933BCE','Chosica'),(474,'12787@05010503','DC80E6933776','Chosica'),(475,'10849@05010212','DC80E6932946','Chosica'),(476,'10895@05010113','DC80E693284E','Chosica'),(477,'11990@05010202','DC80E67AE49D','Chosica'),(478,'5193@05010214','DC80E6719968','Chosica'),(479,'10793@05010212','DC80E6719570','Chosica'),(480,'6408@05010210','DC80E6719568','Chosica'),(481,'10791@05010212','DC80E6719290','Chosica'),(482,'10760@05010213','DC80E64B6557','Chosica'),(483,'10601@05010208','DC80E64B5AD7','Chosica'),(484,'10825@05010203','DC80E64B5897','Chosica'),(485,'5139@05010207','DC80E64B584F','Chosica'),(486,'6244@05010112','DC80E64B574F','Chosica'),(487,'10715@05010204','DC80E64B5527','Chosica'),(488,'9156@05010208','DC80E64B5337','Chosica'),(489,'10668@05010113','DC80E64B530F','Chosica'),(490,'10688@05010210','DC80E64B52AF','Chosica'),(491,'1618@05010206','DC80E64B52A7','Chosica'),(492,'421@05010204','DC80E64B525F','Chosica'),(493,'2286@05010214','DC80E64B4F17','Chosica'),(494,'6276@05010212','DC80E64B4D2F','Chosica'),(495,'7279@05010213','DC80E64B4997','Chosica'),(496,'5271@05010206','DC80E64B46B7','Chosica'),(497,'12002@05010104','DC80E64B46AF','Chosica'),(498,'2323@05010204','DC80E64B20DF','Chosica'),(499,'7154@05010113','DC80E63907CE','Chosica'),(500,'10648@05010206','DC80E63907AE','Chosica'),(501,'6367@05010213','DC80E639029E','Chosica'),(502,'10623@05010208','DC80E6390286','Chosica'),(503,'10646@05010106','DC80E6390246','Chosica'),(504,'10561@05010209','DC80E639022E','Chosica'),(505,'10608@05010208','DC80E6390226','Chosica'),(506,'10549@05010404','DC80E6390216','Chosica'),(507,'533@05010206','DC80E6390206','Chosica'),(508,'6363@05010209','DC80E638F5D6','Chosica'),(509,'10587@05010204','DC80E638F5C6','Chosica'),(510,'10583@05010205','DC80E638F5AE','Chosica'),(511,'10515@05010209','DC80E638E6FE','Chosica'),(512,'10562@05010212','DC80E638E5D6','Chosica'),(513,'10632@05010206','DC80E638DE66','Chosica'),(514,'10651@05010204','DC80E638D95E','Chosica'),(515,'5219@05010209','DC80E638D93E','Chosica'),(516,'7115@05010213','DC80E638D926','Chosica'),(517,'10637@05010213','DC80E638D90E','Chosica'),(518,'10612@05010205','DC80E638D8E6','Chosica'),(519,'10675@05010210','DC80E638D806','Chosica'),(520,'551@05010211','DC80E638D7AE','Chosica'),(521,'10689@05010204','DC80E638D78E','Chosica'),(522,'1226@05010208','DC80E638D4FE','Chosica'),(523,'11724@05010213','DC80E638D496','Chosica'),(524,'6811@05010208','DC80E638CB4E','Chosica'),(525,'10643@05010204','DC80E638CB3E','Chosica'),(526,'7699@05010113','DC80E638CB2E','Chosica'),(527,'10582@05010209','DC80E638BD96','Chosica'),(528,'10546@05010109','DC80E638B426','Chosica'),(529,'10678@05010213','DC80E638AD8E','Chosica'),(530,'10423@05010205','DC80E638AD86','Chosica'),(531,'10523@05010210','DC80E638AC6E','Chosica'),(532,'6192@05010212','DC80E6223029','Chosica'),(533,'9042@05010212','DC80E6223021','Chosica'),(534,'10505@05010201','DC80E6222FF1','Chosica'),(535,'5263@05010207','DC80E6222FE9','Chosica'),(536,'389@05010206','DC80E6221999','Chosica'),(537,'10545@05010207','DC80E6221949','Chosica'),(538,'10570@05010209','DC80E6221939','Chosica'),(539,'6586@05010211','DC80E6221281','Chosica'),(540,'12494@05010209','DC806AB662A8','Chosica'),(541,'6347@05010404','DC806AB66298','Chosica'),(542,'12490@05010412','DC806AB66290','Chosica'),(543,'7548@05010409','DC806AB66278','Chosica'),(544,'5642@05010408','DC806AB66258','Chosica'),(545,'5888@05010209','DC806AB66250','Chosica'),(546,'11692@05010409','DC806AB66248','Chosica'),(547,'9129@05010409','DC806AB66240','Chosica'),(548,'7651@05010409','DC806AB66120','Chosica'),(549,'11900@05010202','DC806AB66110','Chosica'),(550,'7847@05010408','DC806AB66018','Chosica'),(551,'12770@05010214','DC806AB66008','Chosica'),(552,'12540@05010215','DC806AB66000','Chosica'),(553,'12547@05010503','DC806AB65FF8','Chosica'),(554,'12189@05010106','DC806AB65FE0','Chosica'),(555,'1992@05010505','DC806AB65FD8','Chosica'),(556,'12569@05010302','DC806AB65FC8','Chosica'),(557,'12581@05010503','DC806AB65FB8','Chosica'),(558,'11105@05010214','DC806AB65FB0','Chosica'),(559,'7696@05010413','DC806AB65FA8','Chosica'),(560,'7779@05010213','DC806AB65EF0','Chosica'),(561,'9961@05010412','DC806AB65EC0','Chosica'),(562,'7549@05010409','DC806AB65E98','Chosica'),(563,'11959@05010410','DC806AB65E88','Chosica'),(564,'5603@05010213','DC806AB659A0','Chosica'),(565,'11023@05010413','DC806AB65980','Chosica'),(566,'8063@05010212','DC806AB65978','Chosica'),(567,'10399@05010115','DC806AB65970','Chosica'),(568,'12424@05010214','DC806AB65968','Chosica'),(569,'11169@05010216','DC806AB65960','Chosica'),(570,'10816@05010214','DC806AB658A0','Chosica'),(571,'9227@05010212','DC806AB65888','Chosica'),(572,'11888@05010202','DC806AB65838','Chosica'),(573,'12825@05010514','DC806AB655B0','Chosica'),(574,'11928@05010208','DC806AB65548','Chosica'),(575,'11938@05010103','DC806AB65538','Chosica'),(576,'11948@05010107','DC806AB65510','Chosica'),(577,'11935@05010202','DC806AB65508','Chosica'),(578,'11693@05010210','DC806AB65458','Chosica'),(579,'10299@05010211','DC806AB65450','Chosica'),(580,'7577@05010216','DC806AB65440','Chosica'),(581,'12464@05010406','DC806AB65438','Chosica'),(582,'11509@05010210','DC806AB65428','Chosica'),(583,'11760@05010212','DC806AB653D8','Chosica'),(584,'6587@05010210','DC806AB653D0','Chosica'),(585,'8807@05010210','DC806AB653C8','Chosica'),(586,'5435@05010210','DC806AB653C0','Chosica'),(587,'7725@05010407','DC806AB64D78','Chosica'),(588,'11859@05010410','DC806AB64D70','Chosica'),(589,'9321@05010207','DC806AB64D68','Chosica'),(590,'10070@05010409','DC806AB64D58','Chosica'),(591,'12763@05010302','DC806AB64D40','Chosica'),(592,'12544@05010406','DC806AB64D20','Chosica'),(593,'12535@05010107','DC806AB64D10','Chosica'),(594,'12534@05010212','DC806AB64CE8','Chosica'),(595,'12529@05010407','DC806AB64CE0','Chosica'),(596,'10768@05010214','DC806AB64500','Chosica'),(597,'5969@05010212','DC806AB644F8','Chosica'),(598,'6541@05010211','DC806AB644F0','Chosica'),(599,'6185@05010408','DC806AB644E8','Chosica'),(600,'5577@05010210','DC806AB644D8','Chosica'),(601,'7865@05010214','DC806AB644C0','Chosica'),(602,'12123@05010110','DC806AB63F00','Chosica'),(603,'11914@05010107','DC806AB63B40','Chosica'),(604,'11943@05010103','DC806AB63AF8','Chosica'),(605,'11967@05010205','DC806AB63AF0','Chosica'),(606,'11951@05010212','DC806AB63AD8','Chosica'),(607,'10794@05010412','DC806AB63818','Chosica'),(608,'11735@05010409','DC806AB63810','Chosica'),(609,'9318@05010116','DC806AB63808','Chosica'),(610,'11924@05010112','DC806AB63778','Chosica'),(611,'11930@05010103','DC806AB63770','Chosica'),(612,'11925@05010114','DC806AB63748','Chosica'),(613,'12617@05010505','DC806AB63660','Chosica'),(614,'12488@05010412','DC806AB63580','Chosica'),(615,'9032@05010414','DC806AB63560','Chosica'),(616,'11101@05010116','DC806AB63548','Chosica'),(617,'8615@05010407','DC806AB62C50','Chosica'),(618,'10961@05010206','DC806AB62C48','Chosica'),(619,'6371@05010409','DC806AB62C40','Chosica'),(620,'11632@05010216','DC806AB62C38','Chosica'),(621,'11286@05010210','DC806AB62C30','Chosica'),(622,'8424@05010407','DC806AB62C28','Chosica'),(623,'11696@05010406','DC806AB62C20','Chosica'),(624,'8288@05010206','DC806AB62C18','Chosica'),(625,'5432@05010210','DC806AB62C10','Chosica'),(626,'10092@05010210','DC806AB62BD0','Chosica'),(627,'11093@05010208','DC806AB62A70','Chosica'),(628,'104467@05010211','DC806AB629E0','Chosica'),(629,'5973@05010211','DC806AB62898','Chosica'),(630,'10011@05010407','DC806AB62860','Chosica'),(631,'5769@05010408','DC806AB62848','Chosica'),(632,'6203@05010213','DC806AB62840','Chosica'),(633,'6177@05010209','DC806AB62838','Chosica'),(634,'11975@05010208','DC806AB62638','Chosica'),(635,'12548@05010503','DC806AB62570','Chosica'),(636,'12749@05010506','DC806AB62560','Chosica'),(637,'12290@05010412','DC806AB62548','Chosica'),(638,'10027@05010116','DC806AB62530','Chosica'),(639,'11908@05010207','DC806AB62528','Chosica'),(640,'7673@05010407','DC806AB62510','Chosica'),(641,'8831@05010215','DC806AB62508','Chosica'),(642,'12509@05010310','DC806AB624E8','Chosica'),(643,'8454@05010214','DC806AB62488','Chosica'),(644,'11154@05010208','DC806AB62480','Chosica'),(645,'6005@05010410','DC806AB62478','Chosica'),(646,'9181@05010208','DC806AB62468','Chosica'),(647,'5709@05010209','DC806AB62460','Chosica'),(648,'7422@05010216','DC806AB62450','Chosica'),(649,'10167@05010209','DC806AB62448','Chosica'),(650,'9884@05010210','DC806AB62440','Chosica'),(651,'10868@05010210','DC806AB62208','Chosica'),(652,'12120@05010202','DC806AB61C90','Chosica'),(653,'12143@05010105','DC806AB61380','Chosica'),(654,'5797@05010214','DC806AB61358','Chosica'),(655,'11206@05010412','DC806AB61350','Chosica'),(656,'11205@05010412','DC806AB61348','Chosica'),(657,'12087@05010210','DC806AB61330','Chosica'),(658,'10533@05010406','DC806AB61320','Chosica'),(659,'10991@05010410','DC806AB606E8','Chosica'),(660,'7946@05010209','DC806AB60638','Chosica'),(661,'5861@05010210','DC806AB60628','Chosica'),(662,'11256@05010412','DC806AB60530','Chosica'),(663,'12480@05010414','DC806AB602F8','Chosica'),(664,'12467@05010413','DC806AB602D0','Chosica'),(665,'11956@05010113','DC806AB60098','Chosica'),(666,'11248@05010103','DC806AB60058','Chosica'),(667,'11940@05010114','DC806AB60040','Chosica'),(668,'11902@05010201','DC806AB60028','Chosica'),(669,'11910@05010107','DC806AB60020','Chosica'),(670,'6779@05010102','DC806AB5FC38','Chosica'),(671,'7533@05010102','DC806AB5FC20','Chosica'),(672,'12156@05010209','DC806AB5F9A8','Chosica'),(673,'5908@05010213','DC806AB5F970','Chosica'),(674,'12775@05010514','DC806AB5F8B8','Chosica'),(675,'12756@05010310','DC806AB5F8B0','Chosica'),(676,'12774@05010509','DC806AB5F898','Chosica'),(677,'12793@05010412','DC806AB5F880','Chosica'),(678,'9365@05010206','DC806AB5F7A8','Chosica'),(679,'5855@05010211','DC806AB5F770','Chosica'),(680,'11777@05010211','DC806AB5F760','Chosica'),(681,'11251@05010207','DC806AB5F748','Chosica'),(682,'11907@05010104','DC806A9EB7BA','Chosica'),(683,'6808@05010101','DC806A9EB0E2','Chosica'),(684,'6981@05010204','DC806A9EA9E2','Chosica'),(685,'12148@05010212','DC806A9EA932','Chosica'),(686,'10480@05010409','DC806A9EA01A','Chosica'),(687,'10521@05010210','DC806A9EA00A','Chosica'),(688,'10184@05010408','DC806A9E9FAA','Chosica'),(689,'5270@05010108','DC806A9E9FA2','Chosica'),(690,'6738@05010214','DC806A9E9F9A','Chosica'),(691,'10949@05010405','DC806A9E9CF2','Chosica'),(692,'12323@05010112','DC806A9E9CEA','Chosica'),(693,'12028@05010302','DC806A9E9C92','Chosica'),(694,'9736@05010114','DC806A9E91C2','Chosica'),(695,'1141@05010207','DC806A9E912A','Chosica'),(696,'12215@05010215','DC806A9E8FDA','Chosica'),(697,'12188@05010208','DC806A9E8FBA','Chosica'),(698,'7698@05010214','DC806A9E8C72','Chosica'),(699,'6624@05010211','DC806A9E8C52','Chosica'),(700,'12371@05010406','DC806A9E8C4A','Chosica'),(701,'7055@05010211','DC806A9E8C42','Chosica'),(702,'12121@05010202','DC806A9E854A','Chosica'),(703,'11879@05010201','DC806A9E7FDA','Chosica'),(704,'11858@05010104','DC806A9E7FCA','Chosica'),(705,'11877@05010201','DC806A9E7FC2','Chosica'),(706,'4742@05010106','DC806A9E7FB2','Chosica'),(707,'11833@05010115','DC806A9E7ABA','Chosica'),(708,'7270@05010408','DC806A9E79BA','Chosica'),(709,'6824@05010102','DC806A9E78D2','Chosica'),(710,'12767@05010510','DC806A9E780A','Chosica'),(711,'6649@05010408','DC806A9E7802','Chosica'),(712,'12751@05010405','DC806A9E77F2','Chosica'),(713,'12779@05010101','DC806A9E77E2','Chosica'),(714,'12747@05010302','DC806A9E77AA','Chosica'),(715,'12209@05010102','DC806A9E712A','Chosica'),(716,'12210@05010206','DC806A9E710A','Chosica'),(717,'4743@05010306','DC806A9E6E3A','Chosica'),(718,'5308@05010208','DC806A9E6E32','Chosica'),(719,'5309@05010207','DC806A9E6AF2','Chosica'),(720,'12354@05010314','DC806A9E6AE2','Chosica'),(721,'7556@05010407','DC806A9E6A8A','Chosica'),(722,'12208@05010204','DC806A9E675A','Chosica'),(723,'3527@05010105','DC806A9E674A','Chosica'),(724,'3989@05010415','DC806A9E672A','Chosica'),(725,'12186@05010102','DC806A9E66EA','Chosica'),(726,'12201@05010109','DC806A9E66AA','Chosica'),(727,'12204@05010112','DC806A9E66A2','Chosica'),(728,'12305@05010101','DC806A9E646A','Chosica'),(729,'11121@05010301','DC806A9E6452','Chosica'),(730,'12289@05010101','DC806A9E644A','Chosica'),(731,'7754@05010209','DC806A9E62C2','Chosica'),(732,'12306@05010113','DC806A9E62BA','Chosica'),(733,'12293@05010108','DC806A9E62AA','Chosica'),(734,'12299@05010403','DC806A9E629A','Chosica'),(735,'6708@05010210','DC806A9E6272','Chosica'),(736,'12218@05010114','DC806A9E60BA','Chosica'),(737,'12190@05010205','DC806A9E6092','Chosica'),(738,'4567@05010114','DC806A9E6082','Chosica'),(739,'12229@05010213','DC806A9E5F52','Chosica'),(740,'12205@05010114','DC806A9E5F12','Chosica'),(741,'12273@05010112','DC806A9E5EEA','Chosica'),(742,'12159@05010110','DC806A9E5E8A','Chosica'),(743,'7682@05010213','DC806A96297D','Chosica'),(744,'6226@05010211','DC806A961C45','Chosica'),(745,'11788@05010203','DC806A960B4D','Chosica'),(746,'11794@05010107','DC806A96009D','Chosica'),(747,'11874@05010101','DC806A96007D','Chosica'),(748,'11793@05010205','DC806A960075','Chosica'),(749,'11816@05010102','DC806A96005D','Chosica'),(750,'11806@05010306','DC806A960055','Chosica'),(751,'11759@05010301','DC806A95FD75','Chosica'),(752,'6834@05010210','DC806A95D085','Chosica'),(753,'11808@05010113','DC806A95D075','Chosica'),(754,'6281@05010110','DC70B3DB6C08','Chosica'),(755,'2384@05010109','DC70B3DB6BB0','Chosica'),(756,'10362@05010109','DC70B3DB54C8','Chosica'),(757,'12765@05010215','DC70B3DB47D8','Chosica'),(758,'10363@05010109','DC70B3DB4020','Chosica'),(759,'6220@05010213','B8BA68C33170','Chosica'),(760,'24926@01010702','DC806A9EB932','Olivos'),(761,'28112@02010702','GPON6B5EADF4','Olivos'),(762,'28554@02010502','GPON6B5DCF61','Olivos'),(763,'5065@01010704','GPON6B5DB5C9','Olivos'),(764,'5134@01011805','DC806A9E6C82','Olivos'),(765,'5262@01010704','DC80E6718E38','Olivos'),(766,'59130@01010801','GPON6B5EB1B6','Olivos'),(767,'59225@01010803','GPON6B5EA364','Olivos'),(768,'59400@01010801','GPON6B5E8450','Olivos'),(769,'60827@01010803','GPON6B5EA63C','Olivos'),(770,'61825@01011404','DC80E6713DD8','Olivos'),(771,'61903@01011613','OPTI33827575','Olivos'),(772,'65254@01010803','GPON6B5ECA09','Olivos'),(773,'66840@01010801','DC806A96185D','Olivos'),(774,'80900@01011310','DC80E64B20E7','Olivos'),(775,'81021@01011310','DC80E6220AD1','Olivos'),(776,'81235@01011309','GPON6B5E23EE','Olivos'),(777,'82048@01011305','DC70B3DB53D8','Olivos'),(778,'82372@01011305','DC70B3DB4650','Olivos'),(779,'82499@01011310','DC70B3DB72B0','Olivos'),(780,'82704@01011104','DC70B3DB4668','Olivos'),(781,'84094@01011307','DC80E638E34E','Olivos'),(782,'85355@01011304','GPON68192EB7','Olivos'),(783,'85683@01011310','GPON6B54854B','Olivos'),(784,'85728@01011309','GPON6B5506FD','Olivos'),(785,'85832@01011507','DC806A9E994A','Olivos'),(786,'86358@01011304','GPON6B5DEF04','Olivos'),(787,'86399@01011310','GPON6B5DC066','Olivos'),(788,'86453@01011310','GPON6B5E4C5A','Olivos'),(789,'86838@01011305','DC806A961C15','Olivos'),(790,'86980@01011304','DC806A9E7672','Olivos'),(791,'87022@01011403','DC806A9E81F2','Olivos'),(792,'87148@01011305','DC806AB64A78','Olivos'),(793,'87175@01011309','DC806AB63C20','Olivos'),(794,'87235@01011305','DC806AB63C70','Olivos'),(795,'87243@01011707','DC806AB65588','Olivos'),(796,'87417@01011310','DC806A960C55','Olivos'),(797,'87479@01010612','DC806A9E79CA','Olivos'),(798,'87802@01011510','DC806AB613A0','Olivos'),(799,'88220@01011404','DC806A9E6DFA','Olivos'),(800,'88381@01011309','DC806A9E96F2','Olivos'),(801,'88444@01010713','GPON6B549EA2','Olivos'),(802,'88623@01010107','DC806AB654E0','Olivos'),(803,'87401@01010801','ZTEGCF51EC88','Olivos'),(804,'90934@01011507','ZTEG0092B02D','Olivos'),(805,'82067@01010406','ZTEG0092AE9D','Olivos'),(806,'90988@01010514','ZTEG0092AC71','Olivos'),(807,'91003@01010713','ZTEG0092ABFD','Olivos'),(808,'90946@01010107','ZTEG0092AB9D','Olivos'),(809,'86156@01010805','OPTI36A73B3C','Olivos'),(810,'18031@01010210','OPTI36A73944','Olivos'),(811,'56970@01011706','OPTI36A7392C','Olivos'),(812,'90814@01010413','OPTI36A6125D','Olivos'),(813,'57221@01011404','OPTI36A5E98C','Olivos'),(814,'91041@01011201','OPTI36A5BD34','Olivos'),(815,'82679@01010211','OPTI36A5BA64','Olivos'),(816,'90854@01011605','OPTI36A566E5','Olivos'),(817,'87948@01010514','OPTI36A566CD','Olivos'),(818,'90810@01011413','OPTI36A565F5','Olivos'),(819,'61812@01011505','OPTI36A510E4','Olivos'),(820,'90986@01011514','OPTI36A50F1C','Olivos'),(821,'70316@01011707','OPTI36A50205','Olivos'),(822,'90816@01010203','OPTI36A50085','Olivos'),(823,'70379@01011309','OPTI36A4B045','Olivos'),(824,'90575@01010512','OPTI36A08DED','Olivos'),(825,'69188@01011404','OPTI369FA1C5','Olivos'),(826,'81563@01011205','OPTI369FA195','Olivos'),(827,'86570@01010502','OPTI359B95ED','Olivos'),(828,'81307@01010416','OPTI359B436D','Olivos'),(829,'89079@01011403','OPTI359AFFED','Olivos'),(830,'28361@01010705','OPTI359AF74D','Olivos'),(831,'86102@01010403','OPTI359AD035','Olivos'),(832,'90777@01011707','OPTI359AD005','Olivos'),(833,'90757@01010810','OPTI359ACECD','Olivos'),(834,'84346@01010503','OPTI359ACEB5','Olivos'),(835,'90457@01010411','OPTI3496BB5D','Olivos'),(836,'76994@01010210','OPTI3496B3DD','Olivos'),(837,'100192@01010112','OPTI349680DD','Olivos'),(838,'90587@01010913','OPTI34967735','Olivos'),(839,'90425@01010502','OPTI34965B8D','Olivos'),(840,'87905@01011201','OPTI349643BD','Olivos'),(841,'90489@01011308','OPTI349640A5','Olivos'),(842,'90361@01011308','OPTI3495EA35','Olivos'),(843,'87630@01010901','OPTI3494B865','Olivos'),(844,'90080@01011302','OPTI34948ABD','Olivos'),(845,'88755@01011602','OPTI34945C0D','Olivos'),(846,'90754@01010808','OPTI34945805','Olivos'),(847,'82982@01011706','OPTI34945775','Olivos'),(848,'86627@01010608','OPTI349455DD','Olivos'),(849,'85452@01011210','OPTI34917E45','Olivos'),(850,'87214@01010613','OPTI34914845','Olivos'),(851,'87897@01011502','OPTI34909685','Olivos'),(852,'89548@01011204','OPTI338850FD','Olivos'),(853,'6331@01010801','OPTI3388425D','Olivos'),(854,'87660@01010408','OPTI3385050D','Olivos'),(855,'67870@01011402','OPTI338480DD','Olivos'),(856,'88400@01010215','OPTI338296D5','Olivos'),(857,'81961@01011205','OPTI338285F5','Olivos'),(858,'81737@01011303','OPTI338273AD','Olivos'),(859,'11421@01010303','OPTI2C6DAC05','Olivos'),(860,'28426@01010302','OPTI2C6DAB75','Olivos'),(861,'85999@01010506','OPTI2C6D9ECD','Olivos'),(862,'88825@01010811','OPTI2C6D9EB5','Olivos'),(863,'88697@01011204','OPTI2C6D8F55','Olivos'),(864,'3744@01011302','OPTI2C6D8F25','Olivos'),(865,'82967@01011110','MONU00F315E9','Olivos'),(866,'90904@01011608','MONU0092A8D5','Olivos'),(867,'87785@01011711','HWTCD2B0ACAA','Olivos'),(868,'16940@01010605','GPON6B5EF3BA','Olivos'),(869,'87330@01010706','GPON6B5EF2DD','Olivos'),(870,'87444@01011412','GPON6B5EF275','Olivos'),(871,'86714@01011206','GPON6B5EEE99','Olivos'),(872,'86670@01010614','GPON6B5EEA48','Olivos'),(873,'87337@01011202','GPON6B5EE7F2','Olivos'),(874,'87410@01011303','GPON6B5EE797','Olivos'),(875,'58290@01010803','GPON6B5EE6E1','Olivos'),(876,'88660@01010502','GPON6B5EE686','Olivos'),(877,'86599@01011305','GPON6B5EE457','Olivos'),(878,'5398@02010704','GPON6B5ED979','Olivos'),(879,'5154@01010701','GPON6B5EBE1A','Olivos'),(880,'87518@01011303','GPON6B5EB32F','Olivos'),(881,'87497@01011613','GPON6B5EB175','Olivos'),(882,'87578@01011305','GPON6B5EA357','Olivos'),(883,'100306@01011107','GPON6B5E7791','Olivos'),(884,'24928@01010511','GPON6B5E5D6A','Olivos'),(885,'86393@01011501','GPON6B5E5C66','Olivos'),(886,'88717@01010111','GPON6B5E5A44','Olivos'),(887,'82193@01011209','GPON6B5E5738','Olivos'),(888,'87486@01011306','GPON6B5E547A','Olivos'),(889,'85305@01010706','GPON6B5E4C67','Olivos'),(890,'86238@01011209','GPON6B5E4259','Olivos'),(891,'81743@01011203','GPON6B5E412E','Olivos'),(892,'86493@01011203','GPON6B5E4121','Olivos'),(893,'28286@01010509','GPON6B5E3C75','Olivos'),(894,'87430@01010713','GPON6B5E3414','Olivos'),(895,'86328@01011109','GPON6B5E3038','Olivos'),(896,'87531@01010611','GPON6B5E2BA6','Olivos'),(897,'87437@01011114','GPON6B5E2304','Olivos'),(898,'72037@01010804','GPON6B5E220D','Olivos'),(899,'87463@01011708','GPON6B5E1E17','Olivos'),(900,'87416@01010510','GPON6B5E1B9A','Olivos'),(901,'86339@01011313','GPON6B5E199F','Olivos'),(902,'58798@01011610','GPON6B5E1708','Olivos'),(903,'88696@01010109','GPON6B5E12DE','Olivos'),(904,'87468@01011601','GPON6B5E0BB5','Olivos'),(905,'79151@01011302','GPON6B5E09D4','Olivos'),(906,'87443@01011306','GPON6B5E0501','Olivos'),(907,'87462@01011505','GPON6B5E040A','Olivos'),(908,'88195@01010616','GPON6B5E0361','Olivos'),(909,'87396@01011103','GPON6B5E0125','Olivos'),(910,'86376@01010804','GPON6B5DFC04','Olivos'),(911,'87390@01011315','GPON6B5DDBAB','Olivos'),(912,'80683@01011201','GPON6B5DDB29','Olivos'),(913,'71365@01011405','GPON6B5DD9D7','Olivos'),(914,'88376@01010714','GPON6B5DD96F','Olivos'),(915,'86135@01010510','GPON6B5DD6E5','Olivos'),(916,'87544@01010514','GPON6B5DD0B3','Olivos'),(917,'86311@01011109','GPON6B5DCCBD','Olivos'),(918,'87359@01011302','GPON6B5DC6D9','Olivos'),(919,'84087@01010614','GPON6B5DC025','Olivos'),(920,'81893@01011108','GPON6B5DB15E','Olivos'),(921,'86216@01011106','GPON6B5DA562','Olivos'),(922,'86394@01011205','GPON6B5D82DA','Olivos'),(923,'86144@01010514','GPON6B5D78BF','Olivos'),(924,'86537@01011204','GPON6B5D7676','Olivos'),(925,'86223@01011301','GPON6B5D68F4','Olivos'),(926,'82362@01011103','GPON6B5D68B3','Olivos'),(927,'81566@01011203','GPON6B553A2D','Olivos'),(928,'83083@01010607','GPON6B552E8C','Olivos'),(929,'82442@01011501','GPON6B5524BF','Olivos'),(930,'85882@01011114','GPON6B551FEC','Olivos'),(931,'86006@01011406','GPON6B551A2F','Olivos'),(932,'85850@01011302','GPON6B551800','Olivos'),(933,'86248@01010212','GPON6B550550','Olivos'),(934,'85620@01011302','GPON6B5503BD','Olivos'),(935,'85697@01011315','GPON6B54E62F','Olivos'),(936,'85511@01010603','GPON6B54DDCE','Olivos'),(937,'86034@01010516','GPON6B54BB1F','Olivos'),(938,'85561@01011111','GPON6B54B931','Olivos'),(939,'86038@01010710','GPON6B54AAEC','Olivos'),(940,'85873@01010605','GPON6B548FE8','Olivos'),(941,'85982@01011608','GPON6B5469C5','Olivos'),(942,'86062@01011313','GPON6B546241','Olivos'),(943,'85972@01010611','GPON6B5455EA','Olivos'),(944,'85589@01011302','GPON6B544D62','Olivos'),(945,'85543@01011106','GPON6B544BA8','Olivos'),(946,'85521@01010601','GPON6B544B8E','Olivos'),(947,'85881@01011301','GPON6B544306','Olivos'),(948,'85326@01011316','GPON681A7FB3','Olivos'),(949,'85364@01011211','GPON681A4C69','Olivos'),(950,'27739@01010501','GPON681A4A54','Olivos'),(951,'85422@01010610','GPON6819EC2E','Olivos'),(952,'79221@01011103','GPON6819D192','Olivos'),(953,'27323@01010504','GPON6819BB88','Olivos'),(954,'85353@01011201','GPON6819B9E8','Olivos'),(955,'88616@01010702','GPON6819B8A3','Olivos'),(956,'85196@01011314','GPON6819B09D','Olivos'),(957,'85238@01011202','GPON68198B23','Olivos'),(958,'84968@01010609','GPON681980FB','Olivos'),(959,'26843@01010508','GPON68197DE2','Olivos'),(960,'27062@01010504','GPON68194D97','Olivos'),(961,'85255@01011114','GPON681948B7','Olivos'),(962,'85157@01011302','GPON68193A8C','Olivos'),(963,'81933@01011202','GPON00A16AE0','Olivos'),(964,'81918@01011202','GPON00A16390','Olivos'),(965,'81931@01011205','GPON00A15C68','Olivos'),(966,'81522@01011201','GPON00A159C0','Olivos'),(967,'81507@01011109','GPON00A14D78','Olivos'),(968,'81371@01011302','GPON00A14AE8','Olivos'),(969,'81444@01011105','GPON00A14918','Olivos'),(970,'81620@01011204','GPON00A13CE0','Olivos'),(971,'81811@01011303','GPON00A13978','Olivos'),(972,'81890@01011109','GPON00A13960','Olivos'),(973,'85797@01011608','GPON00A138B8','Olivos'),(974,'81889@01011203','GPON00A13858','Olivos'),(975,'81339@01011304','GPON00A12C40','Olivos'),(976,'81303@01011202','GPON00A117D0','Olivos'),(977,'81621@01011203','GPON00A115D0','Olivos'),(978,'81472@01011103','GPON00A115A8','Olivos'),(979,'81343@01011112','GPON00A11470','Olivos'),(980,'81312@01011210','GPON00A11440','Olivos'),(981,'81385@01011307','GPON00A11200','Olivos'),(982,'81521@01011210','GPON00A11000','Olivos'),(983,'85908@01011406','FHTCAF95B940','Olivos'),(984,'84629@01011316','DC80E6934D96','Olivos'),(985,'84927@01011304','DC80E6933A9E','Olivos'),(986,'79508@01011103','DC80E69338D6','Olivos'),(987,'84900@01011504','DC80E693383E','Olivos'),(988,'84587@01011111','DC80E6930C56','Olivos'),(989,'82394@01011306','DC80E67B0085','Olivos'),(990,'84822@01011308','DC80E67B005D','Olivos'),(991,'84749@01010512','DC80E67B0025','Olivos'),(992,'81608@01011303','DC80E67AFF25','Olivos'),(993,'84653@01011316','DC80E67AFEE5','Olivos'),(994,'84649@01011109','DC80E67AFEDD','Olivos'),(995,'26860@01010505','DC80E67AED15','Olivos'),(996,'26869@01010503','DC80E67AE4D5','Olivos'),(997,'82364@01011206','DC80E67ADD75','Olivos'),(998,'26876@01010503','DC80E67ADD6D','Olivos'),(999,'26936@01010503','DC80E67AD885','Olivos'),(1000,'84622@01011316','DC80E6717150','Olivos'),(1001,'84522@01011114','DC80E67170C8','Olivos'),(1002,'84494@01010603','DC80E6716ED0','Olivos'),(1003,'81393@01011103','DC80E6716DA0','Olivos'),(1004,'84568@01010514','DC80E6716D78','Olivos'),(1005,'100136@01011306','DC80E6715C60','Olivos'),(1006,'84601@01011302','DC80E6714D00','Olivos'),(1007,'88057@01011211','DC80E6713378','Olivos'),(1008,'84499@01011111','DC80E6712B78','Olivos'),(1009,'84407@01010514','DC80E64B64A7','Olivos'),(1010,'84230@01010612','DC80E64B643F','Olivos'),(1011,'19627@01010604','DC80E64B63F7','Olivos'),(1012,'84294@01010708','DC80E64B5DAF','Olivos'),(1013,'87885@01010513','DC80E64B5D9F','Olivos'),(1014,'84119@01010612','DC80E64B55E7','Olivos'),(1015,'65236@01010603','DC80E64B55C7','Olivos'),(1016,'84305@01010515','DC80E64B4E97','Olivos'),(1017,'84395@01011106','DC80E64B498F','Olivos'),(1018,'84358@01011405','DC80E64B3207','Olivos'),(1019,'84412@01010604','DC80E638FEA6','Olivos'),(1020,'84170@01010605','DC80E638FDFE','Olivos'),(1021,'60552@01010603','DC80E638FDB6','Olivos'),(1022,'85987@01011407','DC80E638F75E','Olivos'),(1023,'82937@01011109','DC80E638F27E','Olivos'),(1024,'84065@01011303','DC80E638E316','Olivos'),(1025,'84174@01011202','DC80E638E2E6','Olivos'),(1026,'84271@01011303','DC80E638DA26','Olivos'),(1027,'84104@01010613','DC80E638D80E','Olivos'),(1028,'26638@01010705','DC80E638CFD6','Olivos'),(1029,'7030@01010704','DC80E638C56E','Olivos'),(1030,'88560@01010807','DC80E638B97E','Olivos'),(1031,'84126@01011209','DC80E638B95E','Olivos'),(1032,'82903@01011101','DC80E6224549','Olivos'),(1033,'82205@01011207','DC80E6222261','Olivos'),(1034,'82776@01011115','DC80E62212A1','Olivos'),(1035,'82747@01011310','DC80E6221299','Olivos'),(1036,'82744@01011305','DC80E6221291','Olivos'),(1037,'82777@01011207','DC80E6221271','Olivos'),(1038,'82805@01011102','DC80E6220B19','Olivos'),(1039,'82804@01011202','DC80E621F911','Olivos'),(1040,'58770@01010603','DC80E621F8B1','Olivos'),(1041,'87267@01011101','DC806AB66160','Olivos'),(1042,'26581@01010701','DC806AB66130','Olivos'),(1043,'87092@01010707','DC806AB65F38','Olivos'),(1044,'87361@01011313','DC806AB65F18','Olivos'),(1045,'88837@01011303','DC806AB65B10','Olivos'),(1046,'88846@01010109','DC806AB65AF8','Olivos'),(1047,'88767@01011209','DC806AB655F8','Olivos'),(1048,'81862@01011112','DC806AB655A0','Olivos'),(1049,'87176@01011608','DC806AB65578','Olivos'),(1050,'81358@01011110','DC806AB65570','Olivos'),(1051,'87296@01010515','DC806AB65520','Olivos'),(1052,'88606@01010810','DC806AB654D0','Olivos'),(1053,'88668@01011403','DC806AB654C0','Olivos'),(1054,'88747@01010506','DC806AB654B8','Olivos'),(1055,'88687@01010503','DC806AB65488','Olivos'),(1056,'88682@01010111','DC806AB65480','Olivos'),(1057,'88685@01010103','DC806AB65478','Olivos'),(1058,'87652@01010513','DC806AB64CB0','Olivos'),(1059,'87147@01011708','DC806AB64AA0','Olivos'),(1060,'87196@01010611','DC806AB64A88','Olivos'),(1061,'87236@01011404','DC806AB64348','Olivos'),(1062,'87287@01011313','DC806AB64340','Olivos'),(1063,'87986@01011103','DC806AB63E88','Olivos'),(1064,'87185@01011110','DC806AB63C48','Olivos'),(1065,'28329@01010313','DC806AB636B0','Olivos'),(1066,'64129@01011401','DC806AB632F0','Olivos'),(1067,'87268@01011616','DC806AB632A8','Olivos'),(1068,'7229@01010307','DC806AB62C08','Olivos'),(1069,'10097@01010307','DC806AB62BF0','Olivos'),(1070,'28666@01010304','DC806AB62BE0','Olivos'),(1071,'88893@01011608','DC806AB62818','Olivos'),(1072,'86548@01010403','DC806AB62680','Olivos'),(1073,'88770@01011206','DC806AB62678','Olivos'),(1074,'88924@01011302','DC806AB624D8','Olivos'),(1075,'84223@01010615','DC806AB624D0','Olivos'),(1076,'88771@01011503','DC806AB624C8','Olivos'),(1077,'88729@01011309','DC806AB62400','Olivos'),(1078,'42102@01011213','DC806AB623F0','Olivos'),(1079,'88847@01011304','DC806AB623D0','Olivos'),(1080,'68532@01010807','DC806AB623B8','Olivos'),(1081,'88732@01011601','DC806AB623B0','Olivos'),(1082,'88692@01010810','DC806AB62248','Olivos'),(1083,'88654@01010109','DC806AB62210','Olivos'),(1084,'88703@01010615','DC806AB621C8','Olivos'),(1085,'88397@01010611','DC806AB61DF0','Olivos'),(1086,'88481@01010605','DC806AB61DE0','Olivos'),(1087,'88315@01011401','DC806AB61DB8','Olivos'),(1088,'88396@01011412','DC806AB61D80','Olivos'),(1089,'88490@01011203','DC806AB61D70','Olivos'),(1090,'88393@01010616','DC806AB61D68','Olivos'),(1091,'87841@01011615','DC806AB61AC8','Olivos'),(1092,'88507@01010515','DC806AB617B0','Olivos'),(1093,'87695@01010805','DC806AB61688','Olivos'),(1094,'88925@01010614','DC806AB612F0','Olivos'),(1095,'60718@01010605','DC806AB60F98','Olivos'),(1096,'81161@01011705','DC806AB60F50','Olivos'),(1097,'87347@01010610','DC806AB60F38','Olivos'),(1098,'87992@01011709','DC806AB60F28','Olivos'),(1099,'88936@01010603','DC806AB60DC0','Olivos'),(1100,'88768@01011304','DC806AB60748','Olivos'),(1101,'26574@01010310','DC806AB605A0','Olivos'),(1102,'88342@01011304','DC806AB60588','Olivos'),(1103,'85860@01011403','DC806AB60580','Olivos'),(1104,'88620@01010602','DC806AB60568','Olivos'),(1105,'87291@01011303','DC806AB5FAF8','Olivos'),(1106,'86520@01010802','DC806AB5FAF0','Olivos'),(1107,'87304@01010710','DC806AB5FAC8','Olivos'),(1108,'87276@01011308','DC806AB5FAB0','Olivos'),(1109,'87341@01011315','DC806AB5FA80','Olivos'),(1110,'87331@01010612','DC806AB5FA78','Olivos'),(1111,'8264@01010701','DC806A9EBC12','Olivos'),(1112,'85288@01011104','DC806A9EBBBA','Olivos'),(1113,'87114@01010515','DC806A9EB42A','Olivos'),(1114,'87629@01011105','DC806A9EB072','Olivos'),(1115,'88107@01011114','DC806A9EA97A','Olivos'),(1116,'88111@01011306','DC806A9EA962','Olivos'),(1117,'88137@01010214','DC806A9EA952','Olivos'),(1118,'88263@01010711','DC806A9EA902','Olivos'),(1119,'87786@01011207','DC806A9EA7FA','Olivos'),(1120,'87709@01011114','DC806A9EA2DA','Olivos'),(1121,'87736@01011201','DC806A9EA2BA','Olivos'),(1122,'87675@01011506','DC806A9EA0B2','Olivos'),(1123,'87676@01011207','DC806A9EA07A','Olivos'),(1124,'87731@01010712','DC806A9EA072','Olivos'),(1125,'87853@01011204','DC806A9E9F72','Olivos'),(1126,'87811@01011206','DC806A9E9F6A','Olivos'),(1127,'87800@01011407','DC806A9E9F12','Olivos'),(1128,'87846@01010711','DC806A9E9EFA','Olivos'),(1129,'86991@01011402','DC806A9E9DA2','Olivos'),(1130,'86968@01011203','DC806A9E9D92','Olivos'),(1131,'86983@01010612','DC806A9E9D7A','Olivos'),(1132,'87122@01011105','DC806A9E9D52','Olivos'),(1133,'87139@01010605','DC806A9E9D2A','Olivos'),(1134,'87131@01011303','DC806A9E9D12','Olivos'),(1135,'7967@01010202','DC806A9E9CBA','Olivos'),(1136,'28601@01010504','DC806A9E9CB2','Olivos'),(1137,'5073@01010511','DC806A9E9C72','Olivos'),(1138,'88519@01011504','DC806A9E9B62','Olivos'),(1139,'88573@01011402','DC806A9E9B52','Olivos'),(1140,'82348@01011101','DC806A9E9B3A','Olivos'),(1141,'88242@01010614','DC806A9E9A52','Olivos'),(1142,'88390@01011612','DC806A9E971A','Olivos'),(1143,'88518@01011304','DC806A9E96DA','Olivos'),(1144,'88318@01011509','DC806A9E961A','Olivos'),(1145,'88324@01011506','DC806A9E960A','Olivos'),(1146,'88312@01011114','DC806A9E95F2','Olivos'),(1147,'88303@01011315','DC806A9E95BA','Olivos'),(1148,'28598@02010509','DC806A9E9192','Olivos'),(1149,'87934@01011303','DC806A9E8FAA','Olivos'),(1150,'8782@01011402','DC806A9E8F52','Olivos'),(1151,'15701@01010701','DC806A9E8DC2','Olivos'),(1152,'88552@01011207','DC806A9E8DA2','Olivos'),(1153,'28642@01010511','DC806A9E8CC2','Olivos'),(1154,'28375@01010501','DC806A9E8CAA','Olivos'),(1155,'87051@01010708','DC806A9E8682','Olivos'),(1156,'88206@01010512','DC806A9E865A','Olivos'),(1157,'87124@01011301','DC806A9E85FA','Olivos'),(1158,'87080@01011416','DC806A9E85F2','Olivos'),(1159,'86960@01011504','DC806A9E849A','Olivos'),(1160,'87071@01010712','DC806A9E846A','Olivos'),(1161,'39134@01011713','DC806A9E844A','Olivos'),(1162,'87064@01010605','DC806A9E841A','Olivos'),(1163,'78893@01011302','DC806A9E8312','Olivos'),(1164,'87397@01010707','DC806A9E82D2','Olivos'),(1165,'87145@01011706','DC806A9E82CA','Olivos'),(1166,'81685@01011307','DC806A9E820A','Olivos'),(1167,'27832@02010701','DC806A9E81BA','Olivos'),(1168,'87026@01011515','DC806A9E795A','Olivos'),(1169,'86934@01010601','DC806A9E7952','Olivos'),(1170,'87100@01011705','DC806A9E793A','Olivos'),(1171,'86896@01011507','DC806A9E790A','Olivos'),(1172,'82115@01011201','DC806A9E78FA','Olivos'),(1173,'86972@01011403','DC806A9E78EA','Olivos'),(1174,'87426@01011715','DC806A9E76CA','Olivos'),(1175,'81060@01010615','DC806A9E766A','Olivos'),(1176,'87962@01011111','DC806A9E7132','Olivos'),(1177,'87868@01011402','DC806A9E70F2','Olivos'),(1178,'87886@01011101','DC806A9E70AA','Olivos'),(1179,'88183@01010612','DC806A9E6E02','Olivos'),(1180,'88177@01011302','DC806A9E6DEA','Olivos'),(1181,'88526@01010812','DC806A9E6DDA','Olivos'),(1182,'88476@01010610','DC806A9E6DCA','Olivos'),(1183,'88169@01011704','DC806A9E6D92','Olivos'),(1184,'21764@02010511','DC806A9E6CE2','Olivos'),(1185,'28603@01010507','DC806A9E6CC2','Olivos'),(1186,'28600@01010508','DC806A9E6C4A','Olivos'),(1187,'64770@01010413','DC806A9E6AC2','Olivos'),(1188,'13502@01010308','DC806A9E6AB2','Olivos'),(1189,'5484@01010307','DC806A9E6AA2','Olivos'),(1190,'88598@01010811','DC806A9E6A82','Olivos'),(1191,'88500@01010501','DC806A9E6A7A','Olivos'),(1192,'88693@01010601','DC806A9E6A72','Olivos'),(1193,'88031@01011315','DC806A9E67A2','Olivos'),(1194,'88241@01010706','DC806A9E6762','Olivos'),(1195,'88050@01010601','DC806A9E66BA','Olivos'),(1196,'662@01011415','DC806A9E6652','Olivos'),(1197,'88454@01011306','DC806A9631FD','Olivos'),(1198,'88298@01010807','DC806A9631E5','Olivos'),(1199,'88306@01011504','DC806A9631CD','Olivos'),(1200,'88456@01010710','DC806A962985','Olivos'),(1201,'88550@01010601','DC806A9628FD','Olivos'),(1202,'28301@02010704','DC806A962655','Olivos'),(1203,'39740@01011609','DC806A96263D','Olivos'),(1204,'88681@01011215','DC806A962635','Olivos'),(1205,'87509@01011308','DC806A961C55','Olivos'),(1206,'26905@01010704','DC806A961C4D','Olivos'),(1207,'86829@01011203','DC806A961C1D','Olivos'),(1208,'87995@01011509','DC806A961775','Olivos'),(1209,'87167@01011112','DC806A960F45','Olivos'),(1210,'87156@01011505','DC806A960EF5','Olivos'),(1211,'86830@01011206','DC806A960CCD','Olivos'),(1212,'86829@01011204','DC806A960CC5','Olivos'),(1213,'86826@01011203','DC806A960C8D','Olivos'),(1214,'28142@01010704','DC806A960C6D','Olivos'),(1215,'26982@01010705','DC806A960C3D','Olivos'),(1216,'86909@01010601','DC806A960235','Olivos'),(1217,'82984@01011109','DC806A9601A5','Olivos'),(1218,'87495@01010711','DC806A9600E5','Olivos'),(1219,'86731@01011208','DC806A95F89D','Olivos'),(1220,'86736@01010514','DC806A95F895','Olivos'),(1221,'86967@01011209','DC806A95F885','Olivos'),(1222,'87008@01011416','DC806A95F875','Olivos'),(1223,'86910@01011303','DC806A95CE75','Olivos'),(1224,'86930@01011209','DC806A95CE65','Olivos'),(1225,'82668@01011209','DC70B3DB75F0','Olivos'),(1226,'82163@01011301','DC70B3DB7500','Olivos'),(1227,'82140@01011104','DC70B3DB74F0','Olivos'),(1228,'82168@01011303','DC70B3DB74D8','Olivos'),(1229,'82154@01011106','DC70B3DB74C8','Olivos'),(1230,'85461@01011309','DC70B3DB6FC8','Olivos'),(1231,'82260@01011206','DC70B3DB6F88','Olivos'),(1232,'82268@01011304','DC70B3DB6F78','Olivos'),(1233,'81967@01011103','DC70B3DB6F20','Olivos'),(1234,'87941@01011202','DC70B3DB6DC8','Olivos'),(1235,'82253@01011112','DC70B3DB6BC0','Olivos'),(1236,'82635@01011304','DC70B3DB5E40','Olivos'),(1237,'82158@01011303','DC70B3DB54B0','Olivos'),(1238,'82142@01011204','DC70B3DB4BC8','Olivos'),(1239,'82014@01011309','DC70B3DB4BB0','Olivos'),(1240,'82069@01011306','DC70B3DB4980','Olivos'),(1241,'82117@01011303','DC70B3DB47A0','Olivos'),(1242,'82707@01011307','DC70B3DB4678','Olivos'),(1243,'82456@01011206','DC70B3DB4590','Olivos'),(1244,'82422@01011304','DC70B3DB44D0','Olivos'),(1245,'78573@01011502','DC70B3DB4058','Olivos'),(1246,'81677@01011111','DC66B3D3632A','Olivos'),(1247,'81664@01011103','DC66B3D362F2','Olivos'),(1248,'81723@01011304','DC66B3D362DA','Olivos'),(1249,'81681@01011204','DC66B3D36292','Olivos'),(1250,'81716@01011103','DC66B3D36212','Olivos'),(1251,'81763@01011209','DC66B3D360F2','Olivos'),(1252,'81798@01011207','DC66B3D35E8A','Olivos'),(1253,'80811@01011303','B8BA68C395F0','Olivos'),(1254,'80834@01011109','B8BA68C394B8','Olivos'),(1255,'80873@01011201','B8BA68C394B0','Olivos'),(1256,'80916@01011104','B8BA68C393A0','Olivos'),(1257,'81007@01011201','B8BA68C386C0','Olivos');
/*!40000 ALTER TABLE `abn_sn` ENABLE KEYS */;
UNLOCK TABLES;

--
-- Table structure for table `averias`
--

DROP TABLE IF EXISTS `averias`;
/*!40101 SET @saved_cs_client     = @@character_set_client */;
/*!50503 SET character_set_client = utf8mb4 */;
CREATE TABLE `averias` (
  `idaverias` int NOT NULL AUTO_INCREMENT,
  `operador` varchar(45) DEFAULT NULL,
  `abonado` varchar(45) DEFAULT NULL,
  `t_orden` varchar(45) DEFAULT NULL,
  `fecha` datetime DEFAULT NULL,
  `area` varchar(45) DEFAULT NULL,
  `cod_orden` varchar(45) DEFAULT NULL,
  PRIMARY KEY (`idaverias`)
) ENGINE=InnoDB AUTO_INCREMENT=77 DEFAULT CHARSET=utf8mb4 COLLATE=utf8mb4_0900_ai_ci;
/*!40101 SET character_set_client = @saved_cs_client */;

--
-- Dumping data for table `averias`
--

LOCK TABLES `averias` WRITE;
/*!40000 ALTER TABLE `averias` DISABLE KEYS */;
INSERT INTO `averias` VALUES (3,'lgonzalo','12373@05010716','Cambio de Equipo','2024-03-24 08:57:20','Tecnico',NULL),(4,'lgonzalo','29543@02010508','Desconfiguracion de Equipo','2024-03-26 09:41:08','Tecnico',NULL),(5,'lgonzalo','9553@12007','Desconfiguracion de Equipo','2024-03-26 10:29:37','Tecnico',NULL),(6,'lgonzalo','13546@05010716','Desconfiguracion de Equipo','2024-03-26 11:08:11','Tecnico',NULL),(9,'lgonzalo','85026@01010607','Cambio de Equipo','2024-03-26 13:44:21','Tecnico',NULL),(10,'lgonzalo','2088@04010104','Desconfiguracion de Equipo','2024-03-26 15:29:08','Tecnico',NULL),(11,'lgonzalo','12812@05010214','Desconfiguracion de Equipo','2024-03-27 09:27:05','Tecnico',NULL),(12,'lgonzalo','11056@05010113','Cambio de Equipo','2024-03-27 09:55:04','Tecnico',NULL),(15,'lgonzalo','12800@05010206','Cambio de Equipo','2024-03-27 10:30:00','Tecnico',NULL),(17,'lgonzalo','12593@05010505','Cambio de Equipo','2024-03-27 14:54:06','Tecnico','00012636 '),(18,'lgonzalo','8129@5022','Internet Lento','2024-03-27 15:25:29','CALL',NULL),(19,'lgonzalo','8272@05010213','Desconfiguracion de Equipo','2024-03-27 16:26:48','Tecnico','00012640'),(20,'lgonzalo','13598@05010511','Cambio de Equipo','2024-03-27 17:19:22','Tecnico','00015429 '),(21,'lgonzalo','1046@06010415','Cambio de Equipo','2024-03-31 10:13:44','Tecnico',NULL),(22,'lgonzalo','5410@05010210','Cambio de Equipo','2024-04-01 09:55:51','Tecnico',NULL),(23,'lgonzalo','5410@05010210','Cambio de Equipo','2024-04-01 09:55:51','Tecnico',NULL),(24,'lgonzalo','2323@04010206','Cambio de Equipo','2024-04-01 10:00:02','Tecnico',NULL),(25,'lgonzalo','33139@2217','Desconfiguracion de Equipo','2024-04-01 10:33:32','Tecnico',NULL),(26,'lgonzalo','43395@2084','Desconfiguracion de Equipo','2024-04-01 10:49:17','Tecnico',NULL),(27,'lgonzalo','86092@2217','Desconfiguracion de Equipo','2024-04-01 15:10:53','Tecnico','00034465 '),(28,'lgonzalo','50353@2224','Desconfiguracion de Equipo','2024-04-01 15:39:15','Tecnico','00034489 '),(29,'lgonzalo','536@06010106','Desconfiguracion de Equipo','2024-04-01 15:49:27','Tecnico','00002105 '),(30,'lgonzalo','197@04010107','Desconfiguracion de Equipo','2024-04-02 09:22:38','Tecnico','00004314 '),(31,'lgonzalo','85306@01010405','Cambio de Equipo','2024-04-02 10:00:16','Tecnico','00100615 '),(32,'lgonzalo','16533@02010205','NA','2024-04-02 10:03:10','CALL',''),(33,'lgonzalo','2044@04010114','Desconfiguracion de Equipo','2024-04-02 10:14:19','Tecnico','00004315 '),(34,'lgonzalo','90961@01010614','Desconfiguracion de Equipo','2024-04-03 09:33:25','Tecnico','00034549 '),(35,'lgonzalo','2328@04010216','Desconfiguracion de Equipo','2024-04-03 10:17:27','Tecnico','00003950 '),(36,'lgonzalo','62@04010101','Desconfiguracion de Equipo','2024-04-03 11:10:25','Tecnico','00003951 '),(37,'lgonzalo','28583@01010312','Desconfiguracion de Equipo','2024-04-03 11:26:24','Tecnico','00033890'),(38,'lgonzalo','12664@05010509','Desconfiguracion de Equipo','2024-04-03 15:17:30','Tecnico','00007759 '),(39,'lgonzalo','12677@05010513','Desconfiguracion de Equipo','2024-04-03 16:03:11','Tecnico','00007768 '),(40,'lgonzalo','11446@05010415','Cambio de Equipo','2024-04-03 16:34:24','Tecnico','00007808 '),(41,'lgonzalo','1199@06010801','Desconfiguracion de Equipo','2024-04-07 11:55:30','Tecnico','00002119 '),(42,'lgonzalo','70@06010801','Desconfiguracion de Equipo','2024-04-07 12:19:07','Tecnico','00002117 '),(43,'lgonzalo','89755@01011201','NA','2024-04-08 09:07:57','CALL',''),(44,'lgonzalo','92962@03010207','Cambio de Equipo','2024-04-08 09:34:20','Tecnico','00096112 '),(45,'lgonzalo','90503@01011209','Desconfiguracion de Equipo','2024-04-08 09:46:46','Tecnico','00100634 '),(46,'lgonzalo','11252@02010207','Cambio de Equipo','2024-04-08 10:54:12','Tecnico','00033913 '),(47,'lgonzalo','88930@01011302','Cambio de Equipo','2024-04-08 11:02:31','Tecnico','00100798 '),(48,'lgonzalo','89755@01011201','Internet Lento','2024-04-08 14:28:55','CALL',''),(54,'lgonzalo','12938@02010706','Cambio de Equipo','2024-04-08 15:59:47','Tecnico','00013596 '),(70,'lgonzalo','90958@1084','Desconfiguracion de Equipo','2024-04-09 10:38:26','Tecnico','00034627 '),(71,'lgonzalo','11554@05010415','NA','2024-04-09 10:44:06','CALL',''),(72,'lgonzalo','13066@05011208','Cambio de Equipo','2024-04-10 16:41:03','Tecnico','00007860 '),(73,'lgonzalo','12027@05010907','Cambio de Equipo','2024-04-13 11:21:27','Tecnico','00007863 '),(74,'lgonzalo','75304@2088','Cambio de Equipo','2024-04-14 09:06:58','Tecnico','00100946 '),(75,'lgonzalo','12370@05010406','Desconfiguracion de Equipo','2024-04-17 09:06:22','Tecnico','00001246 '),(76,'lgonzalo','11025@05010203','Cambio de Equipo','2024-04-17 15:02:22','Tecnico','00007908 ');
/*!40000 ALTER TABLE `averias` ENABLE KEYS */;
UNLOCK TABLES;

--
-- Table structure for table `datos`
--

DROP TABLE IF EXISTS `datos`;
/*!40101 SET @saved_cs_client     = @@character_set_client */;
/*!50503 SET character_set_client = utf8mb4 */;
CREATE TABLE `datos` (
  `vlan` int DEFAULT NULL,
  `datos` varchar(64) COLLATE utf8mb4_general_ci DEFAULT NULL,
  `grupo` varchar(64) COLLATE utf8mb4_general_ci DEFAULT NULL,
  `id_filial` int DEFAULT NULL
) ENGINE=InnoDB DEFAULT CHARSET=utf8mb4 COLLATE=utf8mb4_general_ci;
/*!40101 SET character_set_client = @saved_cs_client */;

--
-- Dumping data for table `datos`
--

LOCK TABLES `datos` WRITE;
/*!40000 ALTER TABLE `datos` DISABLE KEYS */;
INSERT INTO `datos` VALUES (3053,'100M','CARABAYLLO-DESLIST-100M',3),(3053,'10M','CARABAYLLO-DESLIST-10M',3),(3053,'150M','CARABAYLLO-DESLIST-150M',3),(3053,'16M','CARABAYLLO-DESLIST-16M',3),(3053,'200M','CARABAYLLO-DESLIST-200M',3),(3053,'25M','CARABAYLLO-DESLIST-25M',3),(3053,'30M','CARABAYLLO-DESLIST-30M',3),(3053,'400M','CARABAYLLO-DESLIST-400M',3),(3053,'50M','CARABAYLLO-DESLIST-50M',3),(3502,'10M','CARABAYLLO-EOC-10M',3),(3502,'16M','CARABAYLLO-EOC-16M',3),(3502,'25M','CARABAYLLO-EOC-25M',3),(4004,'100M','CARABAYLLO-FTTH-100M',3),(4004,'10M','CARABAYLLO-FTTH-10M',3),(4004,'150M','CARABAYLLO-FTTH-150M',3),(4004,'16M','CARABAYLLO-FTTH-16M',3),(4004,'200M','CARABAYLLO-FTTH-200M',3),(4004,'25M','CARABAYLLO-FTTH-25M',3),(4004,'400M','CARABAYLLO-FTTH-400M',3),(4004,'50M','CARABAYLLO-FTTH-50M',3),(4004,'CATV','CARABAYLLO-FTTH-CATV',3),(3002,'100M','CHOSICA 1-FTTH-100M',2),(3002,'10M','CHOSICA 1-FTTH-10M',2),(3002,'150M','CHOSICA 1-FTTH-150M',2),(3002,'16M','CHOSICA 1-FTTH-16M',2),(3002,'200M','CHOSICA 1-FTTH-200M',2),(3002,'25M','CHOSICA 1-FTTH-25M',2),(3002,'30M','CHOSICA 1-FTTH-30M',2),(3002,'400M','CHOSICA 1-FTTH-400M',2),(3002,'50M','CHOSICA 1-FTTH-50M',2),(3002,'CATV','CHOSICA 1-FTTH-CATV',2),(3006,'100M','CHOSICA 2-FTTH-100M',2),(3006,'10M','CHOSICA 2-FTTH-10M',2),(3006,'150M','CHOSICA 2-FTTH-150M',2),(3006,'16M','CHOSICA 2-FTTH-16M',2),(3006,'200M','CHOSICA 2-FTTH-200M',2),(3006,'25M','CHOSICA 2-FTTH-25M',2),(3006,'30M','CHOSICA 2-FTTH-30M',2),(3006,'400M','CHOSICA 2-FTTH-400M',2),(3006,'50M','CHOSICA 2-FTTH-50M',2),(3006,'CATV','CHOSICA 2-FTTH-CATV',2),(3055,'100M','CHOSICA-DESLIST-100M',2),(3055,'10M','CHOSICA-DESLIST-10M',2),(3055,'150M','CHOSICA-DESLIST-150M',2),(3055,'16M','CHOSICA-DESLIST-16M',2),(3055,'200M','CHOSICA-DESLIST-200M',2),(3055,'25M','CHOSICA-DESLIST-25M',2),(3055,'400M','CHOSICA-DESLIST-400M',2),(3055,'50M','CHOSICA-DESLIST-50M',2),(3613,'10M','CHOSICA-EOC-10M',2),(3613,'16M','CHOSICA-EOC-16M',2),(3613,'25M','CHOSICA-EOC-25M',2),(3056,'100M','HUAYCAN-DESLIST-100M',4),(3056,'10M','HUAYCAN-DESLIST-10M',4),(3056,'150M','HUAYCAN-DESLIST-150M',4),(3056,'16M','HUAYCAN-DESLIST-16M',4),(3056,'200M','HUAYCAN-DESLIST-200M',4),(3056,'25M','HUAYCAN-DESLIST-25M',4),(3056,'50M','HUAYCAN-DESLIST-50M',4),(3001,'100M','HUAYCAN-FTTH-100M',4),(3001,'10M','HUAYCAN-FTTH-10M',4),(3001,'150M','HUAYCAN-FTTH-150M',4),(3001,'16M','HUAYCAN-FTTH-16M',4),(3001,'200M','HUAYCAN-FTTH-200M',4),(3001,'25M','HUAYCAN-FTTH-25M',4),(3001,'30M','HUAYCAN-FTTH-30M',4),(3001,'400M','HUAYCAN-FTTH-400M',4),(3001,'50M','HUAYCAN-FTTH-50M',4),(3001,'CATV','HUAYCAN-FTTH-CATV',4),(4011,'100M','LOS OLIVOS 1-FTTH-100M',1),(4011,'10M','LOS OLIVOS 1-FTTH-10M',1),(4011,'150M','LOS OLIVOS 1-FTTH-150M',1),(4011,'16M','LOS OLIVOS 1-FTTH-16M',1),(4011,'200M','LOS OLIVOS 1-FTTH-200M',1),(4011,'25M','LOS OLIVOS 1-FTTH-25M',1),(4011,'30M','LOS OLIVOS 1-FTTH-30M',1),(4011,'50M','LOS OLIVOS 1-FTTH-50M',1),(4011,'CATV','LOS OLIVOS 1-FTTH-CATV',1),(4012,'100M','LOS OLIVOS 2-FTTH-100M',1),(4012,'10M','LOS OLIVOS 2-FTTH-10M',1),(4012,'150M','LOS OLIVOS 2-FTTH-150M',1),(4012,'16M','LOS OLIVOS 2-FTTH-16M',1),(4012,'200M','LOS OLIVOS 2-FTTH-200M',1),(4012,'25M','LOS OLIVOS 2-FTTH-25M',1),(4012,'30M','LOS OLIVOS 2-FTTH-30M',1),(4012,'400M','LOS OLIVOS 2-FTTH-400M',1),(4012,'50M','LOS OLIVOS 2-FTTH-50M',1),(4012,'CATV','LOS OLIVOS 2-FTTH-CATV',1),(4014,'100M','LOS OLIVOS 3-FTTH-100M',1),(4014,'10M','LOS OLIVOS 3-FTTH-10M',1),(4014,'150M','LOS OLIVOS 3-FTTH-150M',1),(4014,'16M','LOS OLIVOS 3-FTTH-16M',1),(4014,'200M','LOS OLIVOS 3-FTTH-200M',1),(4014,'25M','LOS OLIVOS 3-FTTH-25M',1),(4014,'30M','LOS OLIVOS 3-FTTH-30M',1),(4014,'30M','LOS OLIVOS 3-FTTH-30M',1),(4014,'400M','LOS OLIVOS 3-FTTH-400M',1),(4014,'50M','LOS OLIVOS 3-FTTH-50M',1),(4014,'CATV','LOS OLIVOS 3-FTTH-CATV',1),(3051,'100M','LOS OLIVOS-DESLIST-100M',1),(3051,'10M','LOS OLIVOS-DESLIST-10M',1),(3051,'16M','LOS OLIVOS-DESLIST-16M',1),(3051,'200M','LOS OLIVOS-DESLIST-200M',1),(3051,'25M','LOS OLIVOS-DESLIST-25M',1),(3051,'400M','LOS OLIVOS-DESLIST-400M',1),(3051,'50M','LOS OLIVOS-DESLIST-50M',1),(3054,'100M','AA-DESLIST-100M',5),(3054,'10M','AA-DESLIST-10M',5),(3054,'150M','AA-DESLIST-150M',5),(3054,'16M','AA-DESLIST-16M',5),(3054,'200M','AA-DESLIST-200M',5),(3054,'25M','AA-DESLIST-25M',5),(3054,'30M','AA-DESLIST-30M',5),(3054,'400M','AA-DESLIST-400M',5),(3054,'50M','AA-DESLIST-50M',5),(3713,'10M','AA-EOC-10M',5),(3713,'16M','AA-EOC-16M',5),(3713,'25M','AA-EOC-25M',5),(3000,'100M','AA-FTTH-100M',5),(3000,'10M','AA-FTTH-10M',5),(3000,'150M','AA-FTTH-150M',5),(3000,'16M','AA-FTTH-16M',5),(3000,'200M','AA-FTTH-200M',5),(3000,'25M','AA-FTTH-25M',5),(3000,'30M','AA-FTTH-30M',5),(3000,'400M','AA-FTTH-400M',5),(3000,'50M','AA-FTTH-50M',5),(3000,'CATV','AA-FTTH-CATV',5),(3497,'10M','OLIVOS 3-EOC-10M',1),(3497,'16M','OLIVOS 3-EOC-16M',1),(3497,'25M','OLIVOS 3-EOC-25M',1),(3501,'10M','OLIVOS1-EOC-10M',1),(3501,'16M','OLIVOS1-EOC-16M',1),(3501,'25M','OLIVOS1-EOC-25M',1),(3499,'10M','OLIVOS2-EOC-10M',1),(3499,'16M','OLIVOS2-EOC-16M',1),(3499,'25M','OLIVOS2-EOC-25M',1),(3052,'100M','PUENTE PIEDRA-DESLIST-100M',6),(3052,'10M','PUENTE PIEDRA-DESLIST-10M',6),(3052,'150M','PUENTE PIEDRA-DESLIST-150M',6),(3052,'16M','PUENTE PIEDRA-DESLIST-16M',6),(3052,'200M','PUENTE PIEDRA-DESLIST-200M',6),(3052,'25M','PUENTE PIEDRA-DESLIST-25M',6),(3052,'400M','PUENTE PIEDRA-DESLIST-400M',6),(3052,'50M','PUENTE PIEDRA-DESLIST-50M',6),(3913,'10M','PUENTE PIEDRA-EOC-10M',6),(3913,'16M','PUENTE PIEDRA-EOC-16M',6),(3913,'25M','PUENTE PIEDRA-EOC-25M',6),(4005,'100M','PUENTE PIEDRA-FTTH-100M',6),(4005,'10M','PUENTE PIEDRA-FTTH-10M',6),(4005,'150M','PUENTE PIEDRA-FTTH-150M',6),(4005,'16M','PUENTE PIEDRA-FTTH-16M',6),(4005,'200M','PUENTE PIEDRA-FTTH-200M',6),(4005,'25M','PUENTE PIEDRA-FTTH-25M',6),(4005,'30M','PUENTE PIEDRA-FTTH-30M',6),(4005,'400M','PUENTE PIEDRA-FTTH-400M',6),(4005,'50M','PUENTE PIEDRA-FTTH-50M',6),(4005,'CATV','PUENTE PIEDRA-FTTH-CATV',6),(4005,'300M','PUENTE PIEDRA-FTTH-300M',6),(3006,'300M','CHOSICA 2-FTTH-300M',2),(4014,'300M','LOS OLIVOS 3-FTTH-300M',1),(3002,'300M','CHOSICA - FTTH-300M',2),(3006,'600M','CHOSICA 2-FTTH-600M',2),(4004,'300M','CARABAYLLO-FTTH-300M',3),(3000,'300M','AA-FTTH-300M',5),(4005,'600M','PUENTE PIEDRA-FTTH-600M',6),(4011,'600M','LOS OLIVOS 1-FTTH-600M',1),(4012,'300M','LOS OLIVOS 2-FTTH-300M',1),(3001,'300M','HUAYCAN-FTTH 300M',4),(3002,'600M','CHOSICA 1-FTTH-600M',2),(3000,'500M','AA-FTTH-500M',5),(4011,'400M','LOS OLIVOS 1-FTTH-400M',1),(4011,'300M','LOS OLIVOS 1-FTTH-300M',1),(3000,'600M','AA-FTTH-600M',5),(4016,'10M','LOS OLIVOS 3-FTTH-10M',1),(4016,'16M','LOS OLIVOS 3-FTTH-16M',1),(4016,'25M','LOS OLIVOS 3-FTTH-25M',1),(4016,'50M','LOS OLIVOS 3-FTTH-50M',1),(4016,'100M','LOS OLIVOS 3-FTTH-100M',1),(4016,'150M','LOS OLIVOS 3-FTTH-150M',1),(4016,'200M','LOS OLIVOS 3-FTTH-200M',1),(4016,'400M','LOS OLIVOS 3-FTTH-400M',1),(4016,'CATV','LOS OLIVOS 3-FTTH-CATV',1),(4016,'30M','LOS OLIVOS 3-FTTH-30M',1),(4016,'300M','LOS OLIVOS 3-FTTH-300M',1),(4001,'CATV','PUENTE PIEDRA 2-FTTH-CATV',6),(4001,'10M','PUENTE PIEDRA 2-FTTH-10M',6),(4001,'16M','PUENTE PIEDRA 2-FTTH-16M',6),(4001,'25M','PUENTE PIEDRA 2-FTTH-25M',6),(4001,'30M','PUENTE PIEDRA 2-FTTH-30M',6),(4001,'50M','PUENTE PIEDRA 2-FTTH-50M',6),(4001,'100M','PUENTE PIEDRA 2-FTTH-100M',6),(4001,'150M','PUENTE PIEDRA 2-FTTH-150M',6),(4001,'200M','PUENTE PIEDRA 2-FTTH-200M',6),(4001,'300M','PUENTE PIEDRA 2-FTTH-300M',6),(4001,'400M','PUENTE PIEDRA 2-FTTH-400M',6),(4001,'600M','PUENTE PIEDRA 2-FTTH-600M',6),(4001,'1000M','PUENTE PIEDRA 2-FTTH-1000M',6);
/*!40000 ALTER TABLE `datos` ENABLE KEYS */;
UNLOCK TABLES;

--
-- Table structure for table `estado`
--

DROP TABLE IF EXISTS `estado`;
/*!40101 SET @saved_cs_client     = @@character_set_client */;
/*!50503 SET character_set_client = utf8mb4 */;
CREATE TABLE `estado` (
  `id_estado` int NOT NULL,
  `nombre` text COLLATE utf8mb3_spanish_ci NOT NULL
) ENGINE=InnoDB DEFAULT CHARSET=utf8mb3 COLLATE=utf8mb3_spanish_ci;
/*!40101 SET character_set_client = @saved_cs_client */;

--
-- Dumping data for table `estado`
--

LOCK TABLES `estado` WRITE;
/*!40000 ALTER TABLE `estado` DISABLE KEYS */;
INSERT INTO `estado` VALUES (1,'instalado'),(2,'Derivado a planta Externa'),(3,'Solucionado'),(4,'Pendiente');
/*!40000 ALTER TABLE `estado` ENABLE KEYS */;
UNLOCK TABLES;

--
-- Table structure for table `evaluacion`
--

DROP TABLE IF EXISTS `evaluacion`;
/*!40101 SET @saved_cs_client     = @@character_set_client */;
/*!50503 SET character_set_client = utf8mb4 */;
CREATE TABLE `evaluacion` (
  `id_evaluacion` int NOT NULL,
  `detalle` text COLLATE utf8mb3_spanish_ci NOT NULL
) ENGINE=InnoDB DEFAULT CHARSET=utf8mb3 COLLATE=utf8mb3_spanish_ci;
/*!40101 SET character_set_client = @saved_cs_client */;

--
-- Dumping data for table `evaluacion`
--

LOCK TABLES `evaluacion` WRITE;
/*!40000 ALTER TABLE `evaluacion` DISABLE KEYS */;
INSERT INTO `evaluacion` VALUES (1,'Bueno'),(2,'Regular');
/*!40000 ALTER TABLE `evaluacion` ENABLE KEYS */;
UNLOCK TABLES;

--
-- Table structure for table `filial`
--

DROP TABLE IF EXISTS `filial`;
/*!40101 SET @saved_cs_client     = @@character_set_client */;
/*!50503 SET character_set_client = utf8mb4 */;
CREATE TABLE `filial` (
  `id` int NOT NULL,
  `nombre` varchar(100) COLLATE utf8mb4_general_ci NOT NULL,
  `site` text COLLATE utf8mb4_general_ci NOT NULL
) ENGINE=InnoDB DEFAULT CHARSET=utf8mb4 COLLATE=utf8mb4_general_ci;
/*!40101 SET character_set_client = @saved_cs_client */;

--
-- Dumping data for table `filial`
--

LOCK TABLES `filial` WRITE;
/*!40000 ALTER TABLE `filial` DISABLE KEYS */;
INSERT INTO `filial` VALUES (1,'LOS OLIVOS','0101'),(2,'CHOSICA','0501'),(3,'COMAS','0301'),(4,'HUAYCN','0601'),(5,'AA','0401'),(6,'PUENTE PIEDRA','0201');
/*!40000 ALTER TABLE `filial` ENABLE KEYS */;
UNLOCK TABLES;

--
-- Table structure for table `instalacioneoc`
--

DROP TABLE IF EXISTS `instalacioneoc`;
/*!40101 SET @saved_cs_client     = @@character_set_client */;
/*!50503 SET character_set_client = utf8mb4 */;
CREATE TABLE `instalacioneoc` (
  `id` int NOT NULL AUTO_INCREMENT,
  `filial` int DEFAULT NULL,
  `operador` varchar(45) DEFAULT NULL,
  `codigo` varchar(45) DEFAULT NULL,
  `nodo` varchar(45) DEFAULT NULL,
  `mac` varchar(45) DEFAULT NULL,
  `vlan` varchar(45) DEFAULT NULL,
  `speed` varchar(45) DEFAULT NULL,
  `coordenada` varchar(100) DEFAULT NULL,
  `fecha` datetime DEFAULT NULL,
  `os` varchar(45) DEFAULT NULL,
  PRIMARY KEY (`id`)
) ENGINE=InnoDB AUTO_INCREMENT=24 DEFAULT CHARSET=utf8mb4 COLLATE=utf8mb4_0900_ai_ci;
/*!40101 SET character_set_client = @saved_cs_client */;

--
-- Dumping data for table `instalacioneoc`
--

LOCK TABLES `instalacioneoc` WRITE;
/*!40000 ALTER TABLE `instalacioneoc` DISABLE KEYS */;
INSERT INTO `instalacioneoc` VALUES (1,1,'lgonzalo','2020','220@2020','20','22','2','-11.967192, -77.081052','2024-02-16 14:59:33','13131313'),(2,1,'lgonzalo','90714','90714@1091','07E3','3501','25M','-11.967192, -77.081052','2024-02-16 19:46:22','00080702 '),(3,1,'lgonzalo','23423','23423@23423','2342','34234','234234M','2343423','2024-02-16 15:44:14','32423432'),(4,1,'lgonzalo','20202','20202@2552','2262','2235','2125M','122412254154 152151','2024-02-16 15:51:40','00231515'),(5,2,'lgonzalo','1250202','1250202@2151','21215','21512','5152M','515s5ad5118as1d15','2024-02-16 15:52:18','202020021515'),(6,1,'lgonzalo','301323','301323@220002','202','150','15151M','2151sa151551511','2024-02-16 15:53:23','3030130'),(7,1,'lgonzalo','prueba','prueba@prueba','prueba','323','233M','prueba','2024-02-16 15:56:49','prueba'),(8,1,'lgonzalo','29479','29479@4226','1067','3501','25M','-11.930090, -77.083331','2024-02-17 09:23:43','00054940 '),(9,1,'lgonzalo','43395','43395@2084','1B9D','3501','25M','-11.957508, -77.089696','2024-02-17 16:35:22','00080707 '),(10,1,'lgonzalo','90887','90887@2288','0BBC','3501','25M','-11.974113, -77.102780','2024-03-24 10:17:53','00081061 '),(13,1,'lgonzalo','90995','90995@2213','77F0D7','--','--','-11.971488, -77.102418','2024-04-03 16:16:05','00081178 '),(14,1,'lgonzalo','91021','91021@2095','67802E3','--','--','-11.961045, -77.092197','2024-04-08 10:57:03','00081229 '),(21,1,'lgonzalo','91029','91029@2348','780333','--','--','-11.959686, -77.104803','2024-04-08 16:18:04','00081241 '),(22,1,'lgonzalo','88181','88181@2173','780315','--','--','-11.958477, -77.106192','2024-04-09 10:19:03','00081247 '),(23,1,'lgonzalo','91063','91063@2173','77FA2D','--','--','-11.956115, -77.107673','2024-04-14 12:03:09','00081298 ');
/*!40000 ALTER TABLE `instalacioneoc` ENABLE KEYS */;
UNLOCK TABLES;

--
-- Table structure for table `instalacionftth`
--

DROP TABLE IF EXISTS `instalacionftth`;
/*!40101 SET @saved_cs_client     = @@character_set_client */;
/*!50503 SET character_set_client = utf8mb4 */;
CREATE TABLE `instalacionftth` (
  `id` int NOT NULL AUTO_INCREMENT,
  `fecha` datetime NOT NULL,
  `operador` text COLLATE utf8mb4_general_ci NOT NULL,
  `filial` text COLLATE utf8mb4_general_ci NOT NULL,
  `os` text COLLATE utf8mb4_general_ci NOT NULL,
  `abonado` text COLLATE utf8mb4_general_ci NOT NULL,
  `codabonado` text COLLATE utf8mb4_general_ci NOT NULL,
  `caja` text COLLATE utf8mb4_general_ci NOT NULL,
  `borne` text COLLATE utf8mb4_general_ci NOT NULL,
  `precinto` text COLLATE utf8mb4_general_ci NOT NULL,
  `mac` text COLLATE utf8mb4_general_ci NOT NULL,
  PRIMARY KEY (`id`)
) ENGINE=InnoDB AUTO_INCREMENT=591 DEFAULT CHARSET=utf8mb4 COLLATE=utf8mb4_general_ci;
/*!40101 SET character_set_client = @saved_cs_client */;

--
-- Dumping data for table `instalacionftth`
--

LOCK TABLES `instalacionftth` WRITE;
/*!40000 ALTER TABLE `instalacionftth` DISABLE KEYS */;
INSERT INTO `instalacionftth` VALUES (6,'2024-01-08 00:00:00','operador','1','50','50','50@01010113','50','50','0','FDCD'),(7,'2024-01-08 00:00:00','operador','1','FDCD','FDCD','FDCD@01010113','0','0','0','FDCD'),(8,'2024-01-08 00:00:00','operador','2','FDCD','FDCD','FDCD@05010113','0','0','0','FDCD'),(9,'2024-01-10 00:00:00','operador','1','00080235','90430','90430@01010804','3697','5','0','EB9D'),(10,'2024-01-10 00:00:00','operador','1','00080248','90440','90440@01011608','1605','4','0','4045'),(11,'2024-01-10 00:00:00','operador','1','5995','5995','5995@01010206','5995','5995','0','5995'),(12,'2024-01-10 00:00:00','operador','2','13359','13359','13359@05010208','13359','13359','0','356D'),(13,'2024-01-10 00:00:00','operador','1','06537','06537','06537@01011709','6537','6537','0','67C5'),(14,'2024-01-11 00:00:00','operador','1','20','20','20@01010113','20','202','0','FDCD'),(15,'2024-01-11 00:00:00','operador','1','2','0','0@01010113','2','2','0','FDCD'),(16,'2024-01-11 00:00:00','operador','1','20212','20212','20212@0101','20212','20212','0','FDCD'),(17,'2024-01-11 00:00:00','operador','1','4545','4545','4545@01010113','45','45','0','FDCD'),(18,'2024-01-12 00:00:00','operador','1','SADF','ASDFASF','ASDFASF@01012020','0','0','0','SDASDAS'),(19,'2024-01-26 00:00:00','operador','1','1515','1515','1515@01010113','15','15','0','1584'),(20,'2024-01-26 00:00:00','operador','6','27294','27294','27294@02010302','5999','11','0','2D6D'),(21,'2024-01-26 00:00:00','operador','1','89106','89106','89106@01011414','5792','4','0','DD7C'),(22,'2024-01-26 00:00:00','operador','1','116411','90571','90571@01010215','3687','4','0','EC15'),(23,'2024-01-29 00:00:00','operador','2','10196','10196','10196@05010210','5441','4','0','AA55'),(24,'2024-01-29 00:00:00','operador','1','86130','86130','86130@01010205','341','6','0','DB9C'),(25,'2024-01-29 00:00:00','operador','1','79432','79432','79432@01011501','4073','1','0','DE0C'),(26,'2024-01-29 00:00:00','operador','1','90576','90576','90576@01011405','5715','6','0','7825'),(27,'2024-01-29 00:00:00','operador','2','8316','8316','8316@05010711','6858','1','0','5215'),(28,'2024-01-29 00:00:00','operador','2','1234','13440','13440@05010101','2553','10','0','5275'),(29,'2024-01-29 00:00:00','operador','5','803','803','803@04010201','141','1','0','DDED'),(30,'2024-01-29 00:00:00','operador','2','1234','13442','13442@05010101','2553','11','0','516D'),(31,'2024-01-29 00:00:00','operador','2','1234','13441','13441@05010409','5391','1','0','A9C5'),(32,'2024-01-29 00:00:00','operador','4','451','451','451@06010206','255','4','0','DE35'),(33,'2024-01-29 00:00:00','operador','4','498','498','498@06010313','0','0','0','DCB5'),(34,'2024-01-29 00:00:00','operador','2','1234','3009','3009@05010711','6858','3','0','513D'),(35,'2024-01-29 00:00:00','operador','4','1112','1112','1112@06010201','0','0','0','8B1D'),(37,'2024-01-30 00:00:00','operador','1','1515','1515','1515@01010113','1515','1515','A1515','1584'),(38,'2024-01-30 00:00:00','operador','2','9665','9665','9665@05010605','5408','13','A0041745','8B2D'),(39,'2024-01-30 00:00:00','operador','1','26489','26489','26489@01010804','3691','4','A0045087','B7ED'),(40,'2024-01-30 00:00:00','operador','4','1140','1140','1140@06010211','NR','4','A0041739','DCCD'),(41,'2024-01-30 00:00:00','operador','2','8091','8091','8091@05010605','5408','14','A0041746','F1A5'),(42,'2024-01-30 00:00:00','operador','1','90587','90587','90587@01010913','3070','4','A0047022','7735'),(43,'2024-01-30 00:00:00','operador','2','1234','13451','13451@05010409','5393','7','AA0041747','F0E5'),(44,'2024-01-30 00:00:00','operador','1','13450','13450','13450@01010208','6952','5','A0041781','A8ED'),(45,'2024-01-30 00:00:00','operador','1','90607','90607','90607@01010913','3064','3','A0047023','C47D'),(46,'2024-01-30 00:00:00','operador','2','1234','13447','13447@05010208','6952','6','AA0041748','3675'),(47,'2024-01-30 00:00:00','operador','6','24549','24549','24549@02010501','6321','3','A0042699','0C1D'),(48,'2024-01-30 00:00:00','operador','2','13452','13452','13452@05010614','5480','10','A0041542','F0B5'),(49,'2024-01-31 00:00:00','operador','2','1234','13413','13413@05010411','A0041749','5','A3913','A94D'),(50,'2024-01-31 00:00:00','operador','1','29397','29397','29397@01010302','NR','2','A0044699','2D85'),(51,'2024-01-31 00:00:00','operador','6','29390','29390','29390@02010708','6252','2','A0044680','9AAD'),(52,'2024-01-31 00:00:00','operador','1','1234','90593','90593@01011416','5803','3','AA0046259','783D'),(53,'2024-01-31 00:00:00','operador','1','90603','90603','90603@01010211','3654','5','A0047178','BA3D'),(54,'2024-01-31 00:00:00','operador','1','1234','88091','88091@01010109','349','13','AA0047307','59AD'),(55,'2024-01-31 00:00:00','operador','1','29396','29396','29396@01010301','NR','5','A0044700','2E75'),(56,'2024-01-31 00:00:00','operador','2','13455','13455','13455@05010501','3229','4','A0041784','F1D5'),(57,'2024-01-31 00:00:00','operador','2','13453','13453','13453@05010610','5455','12','A0041775','F055'),(58,'2024-01-31 00:00:00','operador','1','1234','46838','46838@01011501','4067','8','A','81AD'),(59,'2024-01-31 00:00:00','operador','1','90610','90610','90610@01011203','00023','8','A0047308','EE75'),(60,'2024-02-01 00:00:00','operador','1','1515','1515','1515@01010113','1515','1515','A1515','1584'),(61,'2024-02-01 00:00:00','operador','1','1515','1515','1515@01010113','1515','1515','A1515','1584'),(62,'2024-02-01 00:00:00','operador','5','1101','1101','1101@04010211','4856','7','A0041708','02ED'),(63,'2024-02-01 00:00:00','operador','1','74476','74476','74476@01010804','03692','4','A0045092','7FCD'),(64,'2024-02-01 00:00:00','operador','6','27416','27416','27416@02010312','06078','1','A0044703','BODD'),(65,'2024-02-01 00:00:00','operador','2','13460','13460','13460@05010711','6860','1','A0041788','89AD'),(66,'2024-02-02 00:00:00','operador','2','13466','13466','13466@05010303','2526','8','A0041790','888D'),(67,'2024-02-02 00:00:00','operador','2','8209','8209','8209@05010216','5483','9','A0041777','157C'),(68,'2024-02-02 00:00:00','operador','2','13465','13465','13465@05010505','3251','2','A0041791','8785'),(69,'2024-02-02 00:00:00','operador','1','90619','90619','90619@01011410','05359','1','A0046263','E2D5'),(70,'2024-02-02 00:00:00','operador','2','1346313463','13463','13463@05010603','5385','10','A0041780','8AFD'),(71,'2024-02-02 00:00:00','operador','6','26589','26589','26589@02010710','6274','2','A0044704','B0C5'),(72,'2024-02-02 00:00:00','operador','1','44742','44742','44742@01011706','05854','1','A0046264','1815'),(73,'2024-02-02 00:00:00','operador','6','28860','28860','28860@02010512','6412','4','A0044718','AE3D'),(74,'2024-02-02 00:00:00','operador','2','13467','13467','13467@05010601','5427','12','A0041793','88ED'),(75,'2024-02-02 00:00:00','operador','6','29399','29399','29399@02010507','6394','2','A0044705','D7AD'),(76,'2024-02-06 00:00:00','operador','1','81666','81666','81666@01010411','00459','5','A0046373','B31D'),(77,'2024-02-06 00:00:00','operador','2','8926','8926','8926@05010711','6862','1','A0041798','F445'),(78,'2024-02-06 00:00:00','operador','2','8130','8130','8130@05010406','5402','3','A0041769','F18D'),(79,'2024-02-07 00:00:00','operador','1','13478','13478','13478@01010315','2607','13','A0041799','F4BD'),(80,'2024-02-07 00:00:00','operador','1','10691','10691','10691@01010810','03742','4','A0045094','81C5'),(81,'2024-02-07 00:00:00','operador','1','90640','90640','90640@01011309','00175','5','A0046374','5ACD'),(82,'2024-02-07 00:00:00','operador','1','32956','32956','32956@01011507','4030','3','A0026941','DC2C'),(83,'2024-02-07 00:00:00','operador','1','29431','29431','29431@01010305','1359','5','A0044663','68B5'),(84,'2024-02-07 00:00:00','operador','1','90654','90654','90654@01011403','5702','6','A0044722','B3D5'),(85,'2024-02-07 00:00:00','operador','1','90650','90650','90650@01011504','04060','7','A0046375','F5E5'),(86,'2024-02-07 00:00:00','operador','1','71487','71487','71487@01011404','5707','4','A0047615','84C5'),(87,'2024-02-07 00:00:00','operador','1','85462','85462','85462@01011505','4047','3','A0044743','89BD'),(88,'2024-02-07 00:00:00','operador','2','7860','7860','7860@05010410','4379','4','A0041661','8A0D'),(89,'2024-02-07 00:00:00','operador','1','87634','87634','87634@01011503','04042','1','A0046046','817D'),(90,'2024-02-07 00:00:00','operador','4','1005','1005','1005@06010206','0256','3','A0041704','EE0D'),(91,'2024-02-08 00:00:00','operador','1','80639','80639','80639@01011503','4040','6','A0047067','84AD'),(92,'2024-02-08 00:00:00','operador','1','80634','80634','80634@01010801','6504','3','A0046048','DBFC'),(93,'2024-02-08 00:00:00','operador','1','25294','25294','25294@01010802','06510','2','A0047129','88A5'),(94,'2024-02-08 00:00:00','operador','1','6360','6360','6360@01010116','06517','2','A0045096','86D5'),(95,'2024-02-09 00:00:00','operador','2','11554','11554','11554@05010415','11554','1155411554','A11554','879D'),(96,'2024-02-09 00:00:00','operador','6','17896','17896','17896@02010501','6326','2','A0044744','DBE4'),(97,'2024-02-09 00:00:00','operador','2','13481','13481','13481@05010409','5386','7','A0041665','EBFD'),(98,'2024-02-09 00:00:00','operador','1','90389','90389','90389@01010603','01235','2','A0047709','D285'),(99,'2024-02-09 00:00:00','operador','2','13485','13485','13485@05010207','5420','3','A0041657','555D'),(100,'2024-02-09 00:00:00','operador','2','2251','2251','2251@05010314','12','12','A12','561D'),(101,'2024-02-09 00:00:00','operador','6','28535','28535','28535@02010501','6326','3','A0044745','DD64'),(102,'2024-02-09 00:00:00','operador','1','87583','87583','87583@01010115','2','2','A2','1305'),(103,'2024-02-09 00:00:00','lgonzalo','2','8211','8211','8211@05010709','6583','1','A0041666','A935'),(104,'2024-02-09 00:00:00','lgonzalo','3','97958','97958','97958@03010213','02784','6','A0044494','EC2D'),(105,'2024-02-09 00:00:00','lgonzalo','1','82016','82016','82016@01011709','6532','3','A0044730','AE6D'),(106,'2024-02-09 00:00:00','lgonzalo','1','76229','76229','76229@01011507','4034','6','A0046051','8825'),(107,'2024-02-09 00:00:00','lgonzalo','2','10317','10317','10317@05010709','6855','3','A0041670','F4ED'),(108,'2024-02-09 00:00:00','lgonzalo','6','21692','21692','21692@02010501','6328','5','A0047441','360C'),(109,'2024-02-09 16:07:03','lgonzalo','6','00033577','19270','19270@02010501','6325','2','A0044747','0BED'),(110,'2024-02-09 16:41:30','lgonzalo','2','00015208','13487','13487@05010510','5523','3','A0041659','F475'),(111,'2024-02-09 16:44:33','lgonzalo','1','00080613','90662','90662@01010410','0451','5','A0047740','1365'),(112,'2024-02-09 16:52:41','lgonzalo','2','00015213','13490','13490@05010105','2595','11','A0041667','F505'),(113,'2024-02-10 09:12:31','lgonzalo','2','00015217','13477','13477@05010708','3915','13','A0041668','888D'),(114,'2024-02-10 09:40:17','lgonzalo','6','00054897','29451','29451@02010501','6327','2','A0044668','BD3C'),(115,'2024-02-10 10:05:41','lgonzalo','1','00074869','35929','35929@01011501','4072','2','A0047070','8495'),(116,'2024-02-10 10:46:27','lgonzalo','6','00004020','20315','20315@02010404','6141','1','A0044752','DD94'),(117,'2024-02-10 11:00:14','lgonzalo','1','00004020','90674','90674@01011512','0196','4','A0047732','880D'),(118,'2024-02-10 11:01:31','lgonzalo','1','00004020','90674','90674@01011512','0196','4','A0047732','880D'),(119,'2024-02-10 11:30:22','lgonzalo','1','00099405','73765','73765@01010213','3666','3','A0047621','13C5'),(120,'2024-02-10 13:03:38','lgonzalo','6','00054898','29452','29452@02010716','6317','1','A0044753','DAC4'),(121,'2024-02-10 14:18:26','lgonzalo','5','00002417','2280','2280@04010208','04808','6','A0041378','BF7D'),(123,'2024-02-13 10:15:05','lgonzalo','1','00099525','5786','5786@01011413','5786','6','A0047136','84DD'),(124,'2024-02-13 10:36:54','lgonzalo','1','00054919','64708','64708@01010310','03724','6','A0047014','B465'),(125,'2024-02-13 11:05:36','lgonzalo','6','00054911','29460','29460@02010401','6116','3','A0047461','0D55'),(126,'2024-02-13 11:15:26','lgonzalo','5','00002419','2282','2282@04010201','00141','8','A0041734','BE8D'),(127,'2024-02-13 11:44:18','lgonzalo','2','00015228','4215','4215@05010605','5407','10','A0041761','F51D'),(130,'2024-02-13 16:35:12','lgonzalo','6','00033602','28702','28702@02010506','6367','1','A0044776','0CF5'),(131,'2024-02-13 17:12:52','lgonzalo','1','00080676','1676','1676@01010508','1676','3','A0046060','9F0D'),(132,'2024-02-14 09:52:27','lgonzalo','3','00074880','97966','97966@03010213','02786','4','A0045137','41DD'),(133,'2024-02-14 09:56:19','lgonzalo','6','00033594','24140','24140@02010713','06298','3','A0047485','DD4C'),(134,'2024-02-14 10:12:14','lgonzalo','6','00033610','6210','6210@02010702','6210','3','A0047465','0ACD'),(135,'2024-02-14 10:25:38','lgonzalo','6','00054924','29469','29469@02010305','NR','3','A0044777','B46D'),(136,'2024-02-14 10:42:12','lgonzalo','2','00007406','10437','10437@05010709','6856','5','A0041638','8A9D'),(137,'2024-02-14 10:44:25','lgonzalo','1','00080682','90707','90707@01010604','1227','3','A0046061','C325'),(138,'2024-02-14 11:28:52','lgonzalo','1','00080691','83054','83054@01010514','6625','2','A0047609','02E5'),(139,'2024-02-14 11:32:42','lgonzalo','2','00015237','13504','13504@05010310','3858','13','A0041687','0255'),(140,'2024-02-14 11:54:31','lgonzalo','2','00015241','13507','13507@05010513','5532','1','A0041677','4E14'),(141,'2024-02-14 11:58:24','lgonzalo','1','00080667','90698','90698@01011316','00454','4','A0047316','7F6D'),(142,'2024-02-14 13:05:00','lgonzalo','1','00080670','90700','90700@01011608','1601','4','A0047138','BB45'),(143,'2024-02-14 13:10:09','lgonzalo','6','00054928','29472','29472@02010311','06062','3','A0047486','D645'),(144,'2024-02-14 15:05:20','lgonzalo','1','00054922','29431','29431@01010305','NR','0','A0044663','B515'),(145,'2024-02-14 16:03:02','lgonzalo','2','00015230','13506','13506@05010303','2556','15','A0041686','026D'),(146,'2024-02-15 09:27:56','lgonzalo','6','00033613','23751','23751@02010501','6324','4','A0044781','AE9D'),(147,'2024-02-15 09:58:52','lgonzalo','1','00099627','80596','80596@01011507','4028','6','A0047020','A105'),(148,'2024-02-15 10:16:02','lgonzalo','1','00099568','46973','46973@01010810','3738','7','A0047470','0DB5'),(149,'2024-02-15 16:13:41','lgonzalo','1','00080697','90712','90712@01011511','4027','8','A0046064','A1F5'),(150,'2024-02-15 16:41:19','lgonzalo','1','00080672','90701','90701@01011411','05766','2','A0046466','CEFD'),(151,'2024-02-15 16:45:27','lgonzalo','1','00099563','88887','88887@01011413','05785','3','A0046390','8105'),(152,'2024-02-16 10:15:43','lgonzalo','1','00099545','45823','45823@01011413','5781','4','A0047610','A02D'),(153,'2024-02-16 11:16:13','lgonzalo','1','00099584','82480','82480@01011411','05769','4','A0046457','A0BD'),(154,'2024-02-16 11:30:04','lgonzalo','6','00054943','29463','29463@02010607','NR','5','A0044780','0B75'),(155,'2024-02-16 11:47:10','lgonzalo','1','00099600','56480','56480@01011411','05767','5','A0045142','A8DD'),(156,'2024-02-16 13:02:42','lgonzalo','2','00007429','6515','6515@05010514','5541','6','A004141633','77CA'),(157,'2024-02-16 13:23:40','lgonzalo','3','00074886','97972','97972@03010313','04154','2','A0045109','5E45'),(158,'2024-02-16 16:08:44','lgonzalo','1','00099656','85370','85370@01011402','5698','3','A0046066','5535'),(159,'2024-02-16 16:11:27','lgonzalo','4','00001536','1165','1165@06010107','01193','8','A0046508','EECD'),(160,'2024-02-16 16:15:11','lgonzalo','1','00099622','89201','89201@01011707','05863','6','A0047032','587D'),(161,'2024-02-16 16:19:06','lgonzalo','6','00033636','8469','8469@02010713','06296','1','A0047454','0C05'),(162,'2024-02-16 16:45:18','lgonzalo','2','00007396','10721','10721@05010711','6857','1','A0041632','37A0'),(163,'2024-02-16 17:31:10','lgonzalo','2','00015249','13513','13513@05010406','05404','1','A0041608','4AB5'),(164,'2024-02-17 09:57:36','lgonzalo','1','00099660','56235','56235@01011404','6314','6','A0047320','5625'),(165,'2024-02-20 08:30:34','lgonzalo','1','1584','1584','1584@01010113','1584','1584','A1584','1584'),(166,'2024-02-20 10:16:11','lgonzalo','2','00007471','3487','3487@05010513','3487','5539','A0041628','5EE0'),(167,'2024-02-20 15:48:04','lgonzalo','3','00074899','97982','97982@03011510','00541','1','A0045150','A965'),(168,'2024-02-21 09:57:59','lgonzalo','2','00007481','5531','5531@05010512','5531','2','A0041986','0548'),(169,'2024-02-21 10:07:21','lgonzalo','6','00004035','13738','13738@02010215','5975','2','A0046613','0C95'),(170,'2024-02-21 10:18:07','lgonzalo','4','00001540','1169','1169@06010316','001179','1','A0046511','1745'),(171,'2024-02-21 11:06:07','lgonzalo','1','00080762','90747','90747@01011202','00015','2','A0047324','6D24'),(172,'2024-02-21 12:02:16','lgonzalo','6','00033665','23577','23577@02010303','6013','2','A0033333','0D3D'),(173,'2024-02-22 09:38:30','lgonzalo','2','00015273','13526','13526@05010314','2590','10','A0041989','866D'),(174,'2024-02-22 09:54:21','lgonzalo','1','00099759','86592','86592@01011401','5685','1','A0047660','9E95'),(175,'2024-02-22 10:26:43','lgonzalo','1','00099766','69188','69188@01011404','5710','5','A0047150','A1C5'),(176,'2024-02-22 10:51:37','lgonzalo','6','00004033','27807','27807@02010709','6263','4','A004624','0BA5'),(177,'2024-02-22 11:02:50','lgonzalo','2','00015280','13528','13528@05010503','3239','6','A0041949','A1AD'),(178,'2024-02-22 11:48:24','lgonzalo','4','00001542','1171','1171@06010106','01185','14','A0041611','8AB5'),(179,'2024-02-22 16:39:01','lgonzalo','1','00080776','90757','90757@01010810','3740','5','A0047714','CECD'),(180,'2024-02-23 09:54:19','lgonzalo','3','00074912','97993','97993@03010106','04186','8','A0048025','EF85'),(181,'2024-02-23 09:57:56','lgonzalo','6','00054990','29512','29512@02010503','0630','2','A0048007','F045'),(182,'2024-02-23 10:07:27','lgonzalo','2','00015270','13524','13524@05010309','2571','16','A0041990','6792'),(183,'2024-02-23 10:43:00','lgonzalo','4','00001545','1172','1172@06010112','02331','2','A004601','E50D'),(184,'2024-02-23 10:51:49','lgonzalo','1','00099778','89000','89000@01011403','5705','4','A0047151','6245'),(185,'2024-02-23 10:52:38','lgonzalo','1','02021212122','81009','81009@01010210','3642','4','A0047329','AFCD'),(186,'2024-02-23 11:00:30','lgonzalo','6','00054998','29516','29516@02010710','6272','3','A0044769','53AD'),(187,'2024-02-23 15:38:27','lgonzalo','1','00099790','70316','70316@01011707','5859','2','A0047633','0205'),(188,'2024-02-23 15:54:39','lgonzalo','4','00001547','1173','1173@06010112','2331','11','A0046515','E4C5'),(189,'2024-02-23 16:32:37','lgonzalo','1','00099770','82982','82982@01011706','05852','1','A0048204','5775'),(190,'2024-02-23 16:43:03','lgonzalo','1','00099833','56923','56923@01011706','5851','2','A0047153','6BEC'),(191,'2024-02-23 16:50:45','lgonzalo','1','00099729','61012','61012@01011406','5730','2','A0047634','8B4D'),(192,'2024-02-23 17:19:14','lgonzalo','1','00015288','13531','13531@01010510','5516','2','A0041992','A2FD'),(193,'2024-02-23 17:28:37','lgonzalo','4','00001546','629','629@06010313','01195','6','A0041604','E4AD'),(194,'2024-02-24 10:05:14','lgonzalo','1','00099865','57904','57904@01011401','5689','5','A0047155','8B65'),(195,'2024-02-24 13:08:41','lgonzalo','1','00080772','90754','90754@01010808','3729','4','A0046072','5805'),(196,'2024-02-24 16:06:54','lgonzalo','3','00074916','97979','97979@03011502','00488','7','A0048010','050D'),(197,'2024-02-27 11:10:49','lgonzalo','2','00007534','1713','1713@05010507','5494','2','A0041958','89C5'),(198,'2024-02-27 11:19:32','lgonzalo','6','00055025','29528','29528@02010504','6350','1','A0046636','CA6D'),(199,'2024-02-27 16:15:37','lgonzalo','1','00080827','90784','90784@01010812','3759','3','A0047279','01ED'),(200,'2024-02-28 10:24:15','lgonzalo','2','00015314','13542','13542@05010505','3249','4','A0041998','86CD'),(201,'2024-02-28 10:36:31','lgonzalo','1','00099892','85613','85613@01011415','5802','2','A47641','0065'),(202,'2024-02-28 10:47:50','lgonzalo','6','00055030','29531','29531@02010711','6277','2','A0046772','C9F5'),(203,'2024-02-28 11:05:10','lgonzalo','1','00080816','90777','90777@01011707','010565','1','A0048304','D005'),(204,'2024-02-28 11:48:10','lgonzalo','1','00080832','89082','89082@01010207','00292','4','A0047336','00DD'),(205,'2024-02-28 13:17:57','lgonzalo','2','00015308','12651','12651@05010507','05499','1','A0033620','E5B5'),(206,'2024-02-28 13:29:41','lgonzalo','5','00003665','1473','1473@04010208','4811','8','A0046528','1835'),(207,'2024-02-28 16:22:13','lgonzalo','6','00055033','29533','29533@02010705','6236','4','A0046639','AE55'),(208,'2024-02-28 17:17:00','lgonzalo','6','00033698','13221','13221@02010310','6063','4','A0047942','0C65'),(209,'2024-02-29 10:19:28','lgonzalo','1','00099978','38564','38564@01010616','01163','1','A0048306','CF5D'),(210,'2024-02-29 10:27:45','lgonzalo','1','00080825','90783','90783@01011207','50','8','A00747338','6DB4'),(211,'2024-02-29 10:32:18','lgonzalo','6','00033701','22090','22090@02010708','6353','6','A0046775','0A3D'),(212,'2024-02-29 11:07:19','lgonzalo','2','00015315','13543','13543@05010601','5426','5','A0041960','00FD'),(213,'2024-02-29 11:21:43','lgonzalo','2','00001221','12042','12042@05010113','998','2','A0033129','35C5'),(214,'2024-02-29 16:18:21','lgonzalo','6','00055048','29543','29543@02010508','6373','8','A0047432','CB2D'),(215,'2024-02-29 16:50:52','lgonzalo','2','00015320','13546','13546@05010406','5402','3','A0038390','0B9D'),(216,'2024-02-29 16:57:16','lgonzalo','1','00099982','89079','89079@01011403','5702','8','A0047630','FFED'),(217,'2024-02-29 16:59:27','lgonzalo','2','00015319','13545','13545@05010403','2582','6','A0041693','FF45'),(218,'2024-02-29 17:18:53','lgonzalo','1','00080845','90796','90796@01011503','04035','7','A0047756','3565'),(219,'2024-02-29 17:27:20','lgonzalo','1','00080855','90800','90800@01011212','1139','2','A0047226','C2F5'),(220,'2024-03-01 18:40:10','lgonzalo','5','00002431','2285','2285@04010107','04919','1','A0041614','B08D'),(221,'2024-03-03 09:30:33','lgonzalo','6','00055062','29550','29550@02010709','6265','2','A0047500','120D'),(222,'2024-03-03 10:44:27','lgonzalo','6','00033725','27989','27989@02010715','6236','4','A0047498','B29D'),(223,'2024-03-03 11:01:33','lgonzalo','2','00007585','9142','9142@05010411','3910','2','A0041975','0BCD'),(224,'2024-03-03 12:12:52','lgonzalo','6','00055065','28116','28116@02010704','6223','2','A0047410','1225'),(225,'2024-03-04 10:50:17','lgonzalo','1','00080874','90813','90813@01010501','1614','4','A0047758','FFBD'),(226,'2024-03-04 15:52:29','lgonzalo','2','00007581','12329','12329@05010711','6859','3','A0041697','19DD'),(227,'2024-03-04 16:50:24','lgonzalo','1','00080878','90815','90815@01010515','6641','1','A0047664','7CB5'),(228,'2024-03-04 17:43:58','lgonzalo','1','00080880','90816','90816@01010203','03330','7','A0047211','0085'),(229,'2024-03-05 09:33:55','lgonzalo','2','00015333','13554','13554@05010610','5461','10','A0041698','8B75'),(230,'2024-03-05 10:47:28','lgonzalo','1','00099949','85888','85888@01010510','06645','1','A0048312','7E65'),(231,'2024-03-05 11:23:46','lgonzalo','2','00007595','11826','11826@05010107','1135','10','A0041974','8B8D'),(232,'2024-03-05 11:47:58','lgonzalo','1','00080887','90820','90820@01010503','016290','6','A0047058','0145'),(233,'2024-03-05 11:54:12','lgonzalo','1','00080877','90814','90814@01010413','296','8','A0047721','125D'),(234,'2024-03-06 09:24:11','lgonzalo','6','00055073','29557','29557@02010214','5970','1','A0047404','F5FD'),(235,'2024-03-06 10:07:16','lgonzalo','1','00100092','44451','44451@01010510','6645','2','A0047214','65C5'),(236,'2024-03-06 10:22:40','lgonzalo','6','00055077','29560','29560@02010408','6163','4','A0047405','117D'),(237,'2024-03-06 10:55:02','lgonzalo','5','00002441','2296','2296@04010202','0149','8','A0041642','1A85'),(238,'2024-03-06 11:52:49','lgonzalo','6','00055079','29561','29561@02010709','29561','3','A0046761','1255'),(239,'2024-03-06 11:55:03','lgonzalo','1','00100084','90575','90575@01010512','6551','1','A0047215','8DED'),(240,'2024-03-06 16:42:52','lgonzalo','5','00000732','0165','0165@04010204','0165','6','A0041644','80A5'),(241,'2024-03-06 16:45:29','lgonzalo','5','00000732','1529','1529@04010204','0165','6','A0041644','80A5'),(242,'2024-03-07 09:59:14','lgonzalo','3','00074954','98018','98018@03010313','04148','1','A0048075','A9F5'),(243,'2024-03-07 10:18:55','lgonzalo','1','00001274','90250','90250@01011705','5849','3','A0046085','813D'),(244,'2024-03-07 10:38:36','lgonzalo','6','00055087','29566','29566@02010601','0087','9','A0047401','1315'),(245,'2024-03-07 10:40:56','lgonzalo','1','00100062','87831','87831@01010513','6611','1','A0047646','7D15'),(246,'2024-03-07 10:46:13','lgonzalo','1','00100091','86115','86115@01010516','06630','4','A0047348','5FA5'),(247,'2024-03-07 11:14:06','lgonzalo','5','00002443','2298','2298@04010204','00165','4','A0046535','06D5'),(248,'2024-03-07 13:09:36','lgonzalo','2','00015346','13560','13560@05010513','5539','6','A0041936','0B25'),(249,'2024-03-07 13:22:51','lgonzalo','1','00080907','90833','90833@01010207','293','13','A0048803','6D0C'),(250,'2024-03-07 16:46:51','lgonzalo','2','00015339','13556','13556@05010601','6952','14','A0041647','1B45'),(251,'2024-03-07 16:59:32','lgonzalo','1','00039801','80825','80825@01010514','6626','3','A0047349','7B95'),(252,'2024-03-08 17:28:16','lgonzalo','5','00003742','1853','1853@04010113','04817','4','A0046551','C605'),(253,'2024-03-08 17:32:25','lgonzalo','2','00015349','13562','13562@05010516','5387','16','A0041649','4E65'),(254,'2024-03-08 18:30:47','lgonzalo','5','00003749','1206','1206@04010111','1206','4','A0046559','C4FD'),(255,'2024-03-10 09:13:02','lgonzalo','2','00015359','13568','13568@05010709','06855','6','A0041650','0C2D'),(256,'2024-03-10 11:36:36','lgonzalo','2','00015356','5489','5489@05010210','05444','2','A0041811','1A25'),(257,'2024-03-11 10:25:27','lgonzalo','1','00100155','28551','28551@01010516','6632','4','A0047351','B11D'),(258,'2024-03-11 11:40:06','lgonzalo','2','00015361','13570','13570@05010601','5424','9','A0041813','50E5'),(259,'2024-03-11 12:54:08','lgonzalo','1','00080941','90853','90853@01010515','06638','2','A0048216','8D75'),(260,'2024-03-11 15:25:08','lgonzalo','6','00055106','29582','29582@02010508','6370','1','A0046742','5305'),(261,'2024-03-12 10:20:19','lgonzalo','1','00100170','67517','67517@01010803','6531','2','A0047205','B135'),(262,'2024-03-12 10:33:23','lgonzalo','1','00080948','90859','90859@01010408','0439','8','A0046091','675D'),(263,'2024-03-12 10:37:17','lgonzalo','1','00039807','86812','86812@01010507','01664','8','A0048218','9575'),(264,'2024-03-12 10:54:58','lgonzalo','1','00100195','33618','33618@01011214','1173','5','A00477670','6185'),(265,'2024-03-12 11:03:38','lgonzalo','3','00074968','98029','98029@03010102','04134','3','A48006','A905'),(266,'2024-03-12 11:06:11','lgonzalo','2','00015368','13575','13575@05010314','2584','13','A0041815','5BC5'),(267,'2024-03-12 13:05:28','lgonzalo','6','00055113','29587','29587@02010204','5892','4','A0046677','6D54'),(268,'2024-03-12 16:41:26','lgonzalo','6','00055115','29588','29588@02010207','5922','1','A0046678','5905'),(269,'2024-03-12 16:44:39','lgonzalo','1','00039808','82659','82659@01010112','344','12','A004755','96F5'),(270,'2024-03-13 10:16:40','lgonzalo','5','00002456','2304','2304@04010106','4911','1','A0041816','61CD'),(271,'2024-03-13 10:28:18','lgonzalo','1','00100175','39344','39344@01010807','37420','4','A0046093','8D15'),(272,'2024-03-13 10:47:18','lgonzalo','3','00074972','98032','98032@03011514','2067','2','A0048086','05FD'),(273,'2024-03-13 11:38:14','lgonzalo','5','00002458','2305','2305@04010216','4894','1','A0041817','EB9D'),(274,'2024-03-14 09:48:13','lgonzalo','2','00015384','13572','13572@05010210','5444','3','A0041492','8815'),(275,'2024-03-14 09:50:00','lgonzalo','1','00039812','88354','88354@01011215','01157','3','A0046096','7C25'),(276,'2024-03-14 10:16:01','lgonzalo','1','00100249','59111','59111@01011514','4056','6','A0047357','62BD'),(277,'2024-03-14 10:41:00','lgonzalo','1','00100219','80615','80615@01011501','4068','3','A004883','5F5D'),(278,'2024-03-14 11:31:45','lgonzalo','6','00033778','26644','26644@02010711','6280','1','A0046793','B26D'),(279,'2024-03-14 13:08:08','lgonzalo','1','00100253','58991','58991@01011514','4057','5','A0047359','5FD5'),(280,'2024-03-14 14:01:15','lgonzalo','5','00002467','2310','2310@04010210','04856','6','A0046582','6865'),(285,'2024-03-14 17:08:04','csanchez','1','00080979','34790','34790@01011501','4069','5','A0047360','9665'),(286,'2024-03-15 12:16:15','lgonzalo','6','00055136','29602','29602@02010705','6229','8','A0046647','993D'),(287,'2024-03-15 12:58:18','lgonzalo','1','00100254','58846','58846@01011505','4046','5','A008890','6215'),(288,'2024-03-15 15:58:03','lgonzalo','1','00100210','73934','73934@01010514','6625','4','A0047680','622D'),(289,'2024-03-15 16:38:27','lgonzalo','1','00080984','90882','90882@01010804','3696','4','A0047716','7BF5'),(290,'2024-03-15 17:00:31','lgonzalo','5','00002471','2313','2313@04010113','4821','1','A0041915','438D'),(291,'2024-03-15 18:54:18','lgonzalo','5','00003785','119','119@04010101','04870','1','A0043802','44C5'),(292,'2024-03-15 19:06:31','lgonzalo','5','00002471','2313','2313@04010109','04851','1','A0046588','675D'),(293,'2024-03-15 19:48:48','lgonzalo','4','00001578','1190','1190@06010804','0255','3','A0043802','68DD'),(294,'2024-03-17 09:59:32','lgonzalo','3','00074993','98034','98034@03011508','00530','4','A0048451','AFF5'),(295,'2024-03-17 12:26:00','lgonzalo','5','00003840','2229','2229@04010107','04915','4','A0046587','1685'),(296,'2024-03-18 09:22:49','emora','5','00003823','197','197@04010107','04917','2','AA0043808','18F5'),(297,'2024-03-18 09:51:29','lgonzalo','5','00003807','62','62@04010101','04868','1','A0041810','599D'),(298,'2024-03-18 10:32:26','lgonzalo','1','00100272','52907','52907@01010213','03673','6','A0048229','AABD'),(299,'2024-03-18 10:38:59','lgonzalo','1','00100315','53936','53936@01011507','4031','7','A0048889','395C'),(300,'2024-03-18 10:42:53','lgonzalo','2','00015394','13592','13592@05010115','3894','5','A0041497','59B5'),(301,'2024-03-18 12:12:24','lgonzalo','5','00003831','1810','1810@04010113','4818','1','A0041809','17ED'),(302,'2024-03-18 12:16:14','lgonzalo','6','00055146','29610','29610@02010712','6289','1','A0046650','B165'),(303,'2024-03-18 16:12:39','lgonzalo','5','00003813','1327','1327@04010105','04904','1','A0041961','1F1D'),(304,'2024-03-18 16:42:16','lgonzalo','1','00055139','29605','29605@01010302','1335','4','A0046723','F675'),(305,'2024-03-18 17:03:25','lgonzalo','1','00080992','90878','90878@01011201','0014','6','A0047365','1ED5'),(306,'2024-03-18 17:10:12','lgonzalo','5','00003816','1051','1051@04010111','04842','1','A0041965','215D'),(307,'2024-03-18 17:18:09','lgonzalo','2','00015396','3514','3514@05010403','2575','8','A0041498','622D'),(308,'2024-03-18 17:21:35','lgonzalo','5','00002473','2315','2315@04010205','00156','3','A0046811','44AD'),(309,'2024-03-18 17:23:47','lgonzalo','6','00033797','1246','1246@02010704','6221','3','A0046652','AECD'),(310,'2024-03-19 09:22:09','lgonzalo','5','00003845','2246','2246@04010106','04910','1','A0046820','68C5'),(311,'2024-03-19 09:29:18','lgonzalo','6','00033802','9874','9874@02010703','6213','1','A0046724','6AB5'),(312,'2024-03-19 09:35:20','lgonzalo','2','00015400','13594','13594@05010711','6860','5','A0041499','60F5'),(313,'2024-03-19 10:42:36','lgonzalo','5','00003856','905','905@04010107','4922','1','A0043806','1625'),(314,'2024-03-19 10:45:13','lgonzalo','1','00100267','4886','4886@01010213','03673','2','A0047511','38E4'),(315,'2024-03-19 11:00:55','lgonzalo','1','00100354','89919','89919@01010613','1494','5','A0048873','3BFC'),(316,'2024-03-19 11:04:09','lgonzalo','2','00015388','13275','13275@05010411','3915','14','A0041914','4555'),(317,'2024-03-19 11:12:35','lgonzalo','1','00080997','90888','90888@01010702','1257','6','A0048504','F945'),(318,'2024-03-19 11:24:00','lgonzalo','1','00100358','67230','67230@01011612','02798','2','A0048232','964D'),(319,'2024-03-19 11:30:36','lgonzalo','1','00100275','72737','72737@01010213','3666','5','A0047692','3884'),(320,'2024-03-19 14:24:51','lgonzalo','1','00081004','76257','76257@01011505','4046','6','A0048505','3C55'),(321,'2024-03-19 15:12:57','lgonzalo','1','00055147','29611','29611@01010301','001325','4','A0048454','A865'),(322,'2024-03-19 16:21:11','lgonzalo','1','00100292','18031','18031@01010210','3645','3','A0047693','3944'),(323,'2024-03-20 09:47:45','lgonzalo','6','00033807','2720','2720@02010701','6202','3','A0046729','B14D'),(324,'2024-03-20 10:26:21','lgonzalo','3','00075000','98027','98027@03010104','04157','2','A48100','3535'),(325,'2024-03-20 10:29:14','lgonzalo','5','00003863','1940','1940@04010109','04849','1','A0041808','55DD'),(326,'2024-03-20 10:35:30','lgonzalo','6','00033825','1579','1579@02010501','6321','8','A0046656','6C64'),(327,'2024-03-20 10:39:22','lgonzalo','4','00001804','1129','1129@06010809','000','000','A000','4A9D'),(328,'2024-03-20 11:01:45','lgonzalo','1','00081012','88209','88209@01011207','00','0','A00','3DBD'),(329,'2024-03-20 11:04:34','lgonzalo','1','00081003','90892','90892@01011503','4035','2','A0048876','66FD'),(330,'2024-03-20 11:25:25','lgonzalo','1','00081007','90894','90894@01010612','01487','5','A0047367','F9D5'),(331,'2024-03-20 12:04:16','lgonzalo','1','00100330','780','780@01010210','03645','3','A0047512','38E4'),(332,'2024-03-20 12:05:23','lgonzalo','1','00081009','90895','90895@01010610','1472','4','A0047218','666D'),(333,'2024-03-20 12:07:57','lgonzalo','5','00002475','2316','2316@04010104','04839','1','A004839','43D5'),(334,'2024-03-20 12:10:37','lgonzalo','1','00081011','90896','90896@01010516','6626','1','A0048340','FA65'),(335,'2024-03-20 13:05:15','lgonzalo','6','00055150','29613','29613@02010701','6198','8','A00466567','996D'),(336,'2024-03-20 13:17:16','lgonzalo','4','00001814','1190','1190@06010814','00','0','A0','441D'),(337,'2024-03-20 13:19:15','lgonzalo','2','00015403','13597','13597@05010515','5555','6','A0041830','A97D'),(338,'2024-03-20 15:23:53','lgonzalo','6','00055154','17004','17004@02010507','0','0','A0','98C5'),(339,'2024-03-20 15:53:14','lgonzalo','5','00003867','2038','2038@04010216','04892','1','A0046812','5565'),(340,'2024-03-20 16:37:35','lgonzalo','2','00007689','2677','2677@05010403','2578','2','A0046593','87FD'),(341,'2024-03-20 16:52:55','lgonzalo','1','00081021','90901','90901@01010614','1499','2','A0047553','3CB5'),(342,'2024-03-21 08:55:06','lgonzalo','5','00002482','2320','2320@04010111','04842','3','A0041804','4465'),(343,'2024-03-21 09:28:46','lgonzalo','6','00033828','2893','2893@02010715','6307','4','A0046752','6CC4'),(344,'2024-03-21 10:27:02','lgonzalo','5','00003874','450','450@04010106','4911','2','A0041921','616D'),(345,'2024-03-21 10:43:19','lgonzalo','4','00001057','954','954@06010412','02365','0','A0024535','C595'),(346,'2024-03-21 10:54:59','lgonzalo','1','00081026','90904','90904@01011608','01606','1','A0048240','A8D5'),(347,'2024-03-21 11:28:47','lgonzalo','6','00033817','1198','1198@02010712','6288','2','A0046660','87C5'),(348,'2024-03-21 11:38:51','lgonzalo','1','00081015','90898','90898@01011403','5701','5','A004698','3DD5'),(349,'2024-03-21 14:39:53','lgonzalo','1','00081028','90905','90905@01011501','4066','7','A0048507','3D75'),(350,'2024-03-21 16:58:28','lgonzalo','2','00015406','13599','13599@05010111','1008','7','A0041916','5A2D'),(351,'2024-03-22 12:14:49','lgonzalo','3','00075003','98046','98046@03011508','00530','4','APRECINTO:A','34ED'),(352,'2024-03-22 12:17:04','lgonzalo','6','00033833','26477','26477@02010514','6426','2','A0048602','6CDC'),(353,'2024-03-22 12:31:38','lgonzalo','1','00081045','90915','90915@01011607','01595','7','A0048236','8C0D'),(354,'2024-03-22 12:35:25','lgonzalo','5','00003865','1618','1618@04010102','4877','2','A0041828','2175'),(355,'2024-03-22 13:29:49','lgonzalo','2','00015412','13603','13603@05010210','5444','4','A0041925','A365'),(356,'2024-03-22 16:31:15','lgonzalo','6','00033840','5825','5825@02010715','6311','3','A0048603','AFCD'),(357,'2024-03-22 16:39:20','lgonzalo','1','00081019','33149','33149@01011514','4057','6','A0048912','FA05'),(358,'2024-03-22 17:02:04','lgonzalo','1','00081056','90923','90923@01010503','1630','4','A0048509','3D15'),(359,'2024-03-22 17:23:27','lgonzalo','6','00055162','29620','29620@02010402','6127','5','A0046754','98DD'),(360,'2024-03-22 17:26:08','lgonzalo','6','00055171','29627','29627@02010216','5985','2','A0046745','F765'),(361,'2024-03-22 17:29:21','lgonzalo','5','00003890','603','603@04010107','4916','1','A0041826','1DFD'),(362,'2024-03-22 17:31:58','lgonzalo','5','00002487','2322','2322@04010104','04838','5','A0046809','4435'),(363,'2024-03-22 19:01:07','lgonzalo','1','00081058','90924','90924@01011503','4041','6','A0047558','3D2D'),(364,'2024-03-23 14:00:42','lgonzalo','6','00055176','29630','29630@02010215','5981','1','A0046755','99CD'),(365,'2024-03-23 17:19:07','lgonzalo','1','00081067','90927','90927@01011505','4044','6','A0048511','94B5'),(366,'2024-03-23 17:25:39','lgonzalo','6','00033837','28949','28949@02010715','6311','5','A0043797','6C04'),(367,'2024-03-24 09:23:52','lgonzalo','5','00003923','1381','1381@04010216','4891','4','A0046849','4C7D'),(368,'2024-03-24 09:28:03','lgonzalo','1','00100448','59746','59746@01011505','4049','4','A0048880','6B15'),(369,'2024-03-24 09:36:09','lgonzalo','6','00033838','1297','1297@02010501','6321','5','A0048624','8C9D'),(370,'2024-03-24 09:49:57','lgonzalo','4','00001599','1202','1202@06010806','269','3','A0041526','5985'),(371,'2024-03-24 10:47:10','lgonzalo','6','00055160','29618','29618@02010504','6350','2','A0048629','99E5'),(372,'2024-03-24 10:53:10','lgonzalo','4','00001595','1199','1199@06010801','232','1','A0046843','C5AD'),(373,'2024-03-24 11:15:18','lgonzalo','4','00001602','1204','1204@06010806','269','4','A0041929','1F95'),(374,'2024-03-24 11:26:49','lgonzalo','1','00081059','90886','90886@01010803','6528','2','A0047685','39EC'),(375,'2024-03-24 15:36:56','lgonzalo','1','00081084','5530','5530@01010103','6577','1','A0045192','8E75'),(376,'2024-03-25 10:00:11','lgonzalo','2','00007714','10226','10226@05010709','6855','6','A0041890','F42D'),(377,'2024-03-25 11:19:01','lgonzalo','6','00055173','29628','29628@02010514','6423','3','A0048606','F705'),(378,'2024-03-25 11:46:48','lgonzalo','1','00100461','70337','70337@01011213','01152','6','A0048238','8BDD'),(379,'2024-03-25 12:08:40','lgonzalo','6','00055187','29638','29638@02010508','6369','3','A0048626','99FD'),(380,'2024-03-25 12:13:45','lgonzalo','1','00100419','73570','73570@01011702','5826','3','A0047699','3B84'),(381,'2024-03-25 12:45:33','lgonzalo','1','00100476','31208','31208@01011507','004034','6','A0047372','B01D'),(382,'2024-03-25 12:58:16','lgonzalo','1','00081090','90938','90938@01010204','318','3','A0045194','9695'),(383,'2024-03-25 17:10:55','lgonzalo','5','00003916','1653','1653@04010105','4902','2','A0041824','F565'),(384,'2024-03-25 17:13:12','lgonzalo','1','00100499','40775','40775@01011511','004026','4','A0047374','AE31'),(385,'2024-03-25 18:17:47','lgonzalo','1','00081091','90939','90939@01011410','3651','3','A0047519','39BC'),(386,'2024-03-25 18:19:14','lgonzalo','1','00081068','90928','90928@01011205','34','3','A0045195','3A34'),(387,'2024-03-26 09:11:04','lgonzalo','6','00055189','29639','29639@02010703','6214','1','A0048628','F6A5'),(388,'2024-03-26 10:50:07','lgonzalo','1','00081093','55495','55495@01011514','0','0','A0','8E2D'),(389,'2024-03-26 10:59:05','lgonzalo','1','00081099','90944','90944@01010211','3655','1','A0048348','433D'),(390,'2024-03-26 11:18:28','lgonzalo','6','00055185','26120','26120@02010305','006022','3','A0038862','A59865'),(391,'2024-03-26 11:57:23','lgonzalo','1','00081103','10754','10754@01010808','3725','6','A0048916','9B43E5'),(392,'2024-03-26 12:02:33','lgonzalo','1','00081086','90937','90937@01011414','5791','5','A0048168','A5E794'),(393,'2024-03-26 16:12:37','lgonzalo','6','00055197','4763','4763@02010307','6041','3','A0043793','A79635'),(394,'2024-03-27 09:49:43','lgonzalo','5','00003921','1004','1004@04010211','04856','8','A0046859','612FD'),(395,'2024-03-27 10:42:48','lgonzalo','1','00081119','90956','90956@01011215','1155','1','A0048918','A58DE5'),(396,'2024-03-27 10:56:54','lgonzalo','6','00033849','23694','23694@02010713','6298','7','A0046720','8765'),(397,'2024-03-27 11:24:58','lgonzalo','4','00001608','1208','1208@06010402','02368','5','A0046823','A5C655'),(398,'2024-03-27 11:38:52','lgonzalo','1','00100533','74997','74997@01010211','03650','4','A0025737','A5E794'),(399,'2024-03-27 11:48:16','lgonzalo','6','00055195','29643','29643@02010204','5894','3','A0046737','8B9D'),(400,'2024-03-27 12:03:23','lgonzalo','2','00015424','4969','4969@05010502','5369','6','A0041822','9F882D'),(401,'2024-03-27 16:33:17','lgonzalo','2','00015428','13611','13611@05010205','2587','1','A0041895','92A825'),(402,'2024-03-28 09:05:46','lgonzalo','5','00003937','618','618@04010112','04822','2','A0046829','A01E2D'),(403,'2024-03-28 09:16:01','lgonzalo','5','00003927','2272','2272@04010109','04848','1','A0046855','C0385'),(404,'2024-03-28 09:19:23','lgonzalo','5','00003941','1070','1070@04010109','04848','1','A0046855','C0385'),(405,'2024-03-28 09:26:58','lgonzalo','3','00075012','98054','98054@03011508','00530','3','A0048432','9AAF4D'),(406,'2024-03-28 09:33:09','lgonzalo','2','00015430','13612','13612@05010414','3223','2','A0041850','708D'),(407,'2024-03-28 09:40:12','lgonzalo','1','00081138','90967','90967@01011505','04048','6','A0048520','9B442D'),(408,'2024-03-28 09:51:17','lgonzalo','1','00081112','90952','90952@01010712','06479','4','A0048245','A7C014'),(409,'2024-03-28 10:42:54','lgonzalo','5','00003939','687','687@04010101','04871','4','A0046830','A020E5'),(410,'2024-03-28 11:04:26','lgonzalo','6','00055190','29640','29640@02010216','5986','8','A0048616','A5990D'),(411,'2024-03-28 11:11:34','lgonzalo','3','00075013','98055','98055@03011501','00478','2','A0048437','9AAF1D'),(412,'2024-03-28 12:23:52','lgonzalo','1','00100473','3251','3251@01011214','1171','8','A0045200','C044'),(413,'2024-03-28 12:44:30','lgonzalo','3','00075014','98056','98056@03010110','04218','1','A0048434','9AAEBD'),(414,'2024-03-28 13:01:07','lgonzalo','1','00081129','90962','90962@01010203','0334','4','A0048922','A58D6D'),(415,'2024-03-28 13:54:47','lgonzalo','1','00100557','37562','37562@01011511','4026','5','A0048861','955FED'),(416,'2024-03-31 09:23:13','lgonzalo','6','00055217','29658','29658@02010504','6348','1','A0048635','A795D5'),(417,'2024-03-31 09:51:42','lgonzalo','2','00015435','13587','13587@05010508','5504','2','A0041889','AF5355'),(418,'2024-03-31 10:44:26','lgonzalo','6','00055222','29660','29660@02010712','6286','2','A0048631','A795A5'),(419,'2024-03-31 10:58:57','lgonzalo','2','00015437','13616','13616@05010412','3918','7','A0041896','9BF97D'),(420,'2024-03-31 12:35:32','lgonzalo','1','00081145','90972','90972@01011501','4067','7','A0048925','A58E45'),(421,'2024-04-01 10:27:31','lgonzalo','1','00100593','59657','59657@01011501','04072','1','A0048524','92AB41'),(422,'2024-04-01 15:27:07','lgonzalo','1','00100502','72995','72995@01011701','05816','2','A0048415','B225'),(423,'2024-04-01 16:06:50','lgonzalo','1','00039836','78944','78944@01010107','06606','1','A0048252','92B049'),(424,'2024-04-01 16:49:57','lgonzalo','6','00055227','29662','29662@02010212','05957','4','A0048632','A79485'),(425,'2024-04-01 17:25:08','lgonzalo','5','00003933','547','547@04010110','04799','1','A0046875','A01FAD'),(426,'2024-04-02 10:15:22','lgonzalo','1','00100592','54969','54969@01011511','4026','8','A0048863','A51024'),(427,'2024-04-02 10:53:01','lgonzalo','1','00081166','90985','90985@01011607','1595','6','A0047528','A58DFD'),(428,'2024-04-02 11:00:03','lgonzalo','1','00081163','90983','90983@01010803','6529','1','A0048353','9B42AD'),(429,'2024-04-02 11:08:24','lgonzalo','1','00100617','24149','24149@01011507','4036','4','A0048928','92ACA5'),(430,'2024-04-02 11:46:13','lgonzalo','1','00100622','40404','40404@01011507','4032','6','A0048864','92B115'),(431,'2024-04-02 13:05:50','lgonzalo','1','00100627','37103','37103@01011507','4032','4','A0048930','92AD25'),(432,'2024-04-02 16:42:00','lgonzalo','1','00100625','41292','41292@01011501','4066','7','A0048931','92AC89'),(433,'2024-04-03 09:01:19','lgonzalo','6','00055231','29665','29665@02010704','6225','2','A0046718','A1B135'),(434,'2024-04-03 10:38:07','lgonzalo','6','00000385','29405','29405@02010303','6009','8','A0048613','96D7DD'),(435,'2024-04-03 11:12:59','lgonzalo','2','00007780','12453','12453@05010412','3924','4','A0041838','A9C1'),(436,'2024-04-03 11:21:11','lgonzalo','1','00100646','795','795@01010212','3660','7','A0047861','92A8CD'),(437,'2024-04-03 11:45:35','lgonzalo','1','00100649','41693','41693@01011501','4066','4','A0047392','92A299'),(438,'2024-04-03 13:17:11','lgonzalo','4','00001618','1214','1214@06010403','01194','4','A0046802','9BF905'),(439,'2024-04-03 16:27:14','lgonzalo','1','00081187','90999','90999@01011501','4066','8','A0047568','A58DB5'),(440,'2024-04-06 09:30:24','lgonzalo','1','00100734','44790','44790@01011503','4037','6','A0048853','92A4F5'),(441,'2024-04-06 10:14:58','lgonzalo','1','00081212','90947','90947@01011309','175','0047398','A8','92B105'),(442,'2024-04-06 10:16:37','lgonzalo','1','00081199','91006','91006@01010415','0310','7','A0048534','9AC89D'),(443,'2024-04-06 10:38:36','lgonzalo','1','00100709','17242','17242@01010210','3647','4','A004804','92AB65'),(444,'2024-04-06 10:42:07','lgonzalo','4','00001621','1217','1217@06011106','01185','10','A0046839','9B7F6D'),(445,'2024-04-06 11:00:40','lgonzalo','1','00100683','26555','26555@01010106','06599','1','A0047536','A7C074'),(446,'2024-04-06 13:17:51','lgonzalo','1','00081220','91017','91017@01011716','06458','1','A0047537','92A78D'),(447,'2024-04-06 15:25:31','lgonzalo','1','00100754','68859','68859@01011503','4037','7','A0048856','92AE6D'),(448,'2024-04-06 16:18:46','lgonzalo','3','00075031','98067','98067@03010306','02036','3','A0048423','A61EED'),(449,'2024-04-07 09:36:27','lgonzalo','6','00055250','29675','29675@02010501','6326','8','A0048667','9967ED'),(450,'2024-04-07 09:50:05','lgonzalo','2','00015458','13629','13629@05010503','3242','8','A0041874','995515'),(451,'2024-04-07 10:33:36','lgonzalo','1','00100759','80932','80932@01011505','4048','8','A0047257','92A619'),(452,'2024-04-07 10:59:16','lgonzalo','4','00001628','1222','1222@06010807','00276','4','A0046805','995425'),(453,'2024-04-07 10:59:24','lgonzalo','4','00001628','1222','1222@06010807','00276','4','A0046805','995425'),(454,'2024-04-07 11:32:20','lgonzalo','6','00004066','4909','4909@02010709','6263','8','A0048668','A56D6C'),(455,'2024-04-07 11:47:59','lgonzalo','2','00015456','13628','13628@05010314','2584','6','A0041375','99552D'),(456,'2024-04-07 12:01:01','lgonzalo','1','A.CARLOSR','81764','81764@01010205','4045','10','A0047258','995A55'),(457,'2024-04-08 09:54:39','lgonzalo','2','00015463','13633','13633@05010416','2542','8','A0041876','995995'),(458,'2024-04-08 09:58:29','lgonzalo','6','00055254','29678','29678@02010713','6298','8','A0048669','996835'),(459,'2024-04-08 10:30:25','lgonzalo','5','00002513','2337','2337@04010102','04879','2','A0046804','997045'),(460,'2024-04-08 10:48:59','lgonzalo','1','00039845','32113','32113@01010515','06639','1','A0048257','92A635'),(461,'2024-04-08 11:03:46','lgonzalo','1','00100747','58773','58773@01010205','4045','7','A0047584','92B12D'),(462,'2024-04-08 11:07:57','lgonzalo','1','00100757','81675','81675@01010105','6588','1','A0047252','995A3D'),(463,'2024-04-08 13:42:51','lgonzalo','2','00015462','13632','13632@05010110','3921','5','A0041904','9A4665'),(464,'2024-04-08 15:03:25','lgonzalo','3','00075034','93390','93390@03010315','00','00','A00','9AB03D'),(465,'2024-04-08 15:42:36','lgonzalo','1','00039841','87044','87044@01011207','55','8','A0047400','9E81FA'),(466,'2024-04-08 16:28:43','lgonzalo','1','00100752','58774','58774@01011505','4048','8','A0048538','92A285'),(467,'2024-04-08 17:19:25','lgonzalo','1','00100776','59175','59175@01011504','4061','4','A0048860','92A401'),(468,'2024-04-09 07:47:09','lgonzalo','2','00015467','13636','13636@05010708','3913','14','A0041866','92A79D'),(469,'2024-04-09 09:25:49','lgonzalo','6','00055259','29681','29681@02010501','6327','3','A0048651','9B463D'),(470,'2024-04-09 09:55:10','lgonzalo','2','00015468','13637','13637@05010505','3253','5','A0041878','A0209D'),(471,'2024-04-09 10:03:43','lgonzalo','1','00100801','67992','67992@01011501','4068','5','AA0047384','92AC79'),(472,'2024-04-09 10:08:34','lgonzalo','1','00081235','91026','91026@01011309','00175','8','A0048323','9B439D'),(473,'2024-04-09 10:22:56','lgonzalo','1','00055260','29682','29682@01010302','1335','5','A0046697','9B45AD'),(474,'2024-04-09 11:01:54','lgonzalo','1','00100786','53841','53841@01011514','4051','5','AA00488','92B0A5'),(475,'2024-04-09 11:09:33','lgonzalo','2','00015470','13638','13638@05010505','3253','8','A0041879','995B15'),(476,'2024-04-09 15:50:44','aparedes','2','15469','6848','6848@05010307','2606','7','AA0041867','9BF9F5'),(477,'2024-04-09 16:20:55','lgonzalo','1','5A69D','5A69D','5A69D@01010202','5A69D','5A69D','A5A69D','5A69D'),(478,'2024-04-09 16:42:41','lgonzalo','1','00081257','28214','28214@01010205','4047','8','A0047387','9983F5'),(479,'2024-04-09 17:06:54','lgonzalo','5','00002515','2339','2339@04010204','00164','7','AA0046880','9B7EDD'),(480,'2024-04-09 17:14:22','lgonzalo','4','00001632','1224','1224@06010803','245','1','AA0046803','997165'),(481,'2024-04-10 08:49:17','lgonzalo','2','00015477','13573','13573@05010406','03251','0','A0','9A392D'),(482,'2024-04-10 09:21:49','aparedes','6','55266','29687','29687@02010302','6000','4','AA0048636','ES9966B5'),(483,'2024-04-10 09:25:54','aparedes','5','2516','2340','2340@04010211','04862','6','AA0046834','9B802D'),(484,'2024-04-10 09:35:52','aparedes','6','55269','29448','29448@02010713','6294','3','AA0046699','9AF71D'),(485,'2024-04-10 09:46:48','aparedes','2','7855','1809','1809@05010215','1809','4','AA0045968','92AE39'),(486,'2024-04-10 09:56:39','lgonzalo','1','00081265','91044','91044@01011501','4071','6','AA0048540','A5BA94'),(487,'2024-04-10 10:00:25','aparedes','1','39848','19360','19360@01011216','5027','1','AA0033009','A17F25'),(488,'2024-04-10 10:10:03','aparedes','1','100792','61812','61812@01011505','4046','3','AA00488','A510E4'),(489,'2024-04-10 10:14:22','lgonzalo','5','00000739','1586','1586@04010203','00154','0','A29054','9B7FCD'),(490,'2024-04-10 10:22:43','aparedes','1','100838','56377','56377@01011414','5789','2','AA0047557','92A4C5'),(491,'2024-04-10 10:30:45','aparedes','6','55270','29689','29689@02010211','5946','4','AA0048639','9C4C75'),(492,'2024-04-10 10:41:34','aparedes','4','1844','787','787@06010411','-','-','A-','9B7FB5'),(493,'2024-04-10 11:40:51','aparedes','1','81260','91041','91041@01011201','0003','5','AA0047388','A5BD34'),(494,'2024-04-10 11:58:16','aparedes','1','100827','90706','90706@01010101','6556','1','AA0048370','81F7D5'),(495,'2024-04-10 12:17:39','lgonzalo','2','00007856','5045','5045@05010509','5515','6','A0045969','92A815'),(496,'2024-04-10 12:19:07','lgonzalo','1','00100788','39578','39578@01011514','4053','8','A0048847','A50F94'),(497,'2024-04-10 13:21:10','lgonzalo','1','00081262','91042','91042@01011514','4053','6','A0048541','92B0D9'),(498,'2024-04-10 15:04:13','lgonzalo','6','00004070','19947','19947@02010212','5954','0','A0','9B45DD'),(499,'2024-04-10 15:55:51','lgonzalo','5','00003972','1647','1647@04010110','04800','5','A0046831','A01EA5'),(500,'2024-04-10 16:07:53','lgonzalo','2','00007830','10361','10361@05010116','3903','5','A0041870','92AD85'),(501,'2024-04-10 16:16:20','lgonzalo','1','00034675','84319','84319@01010205','4050','8','A0048533','92A821'),(502,'2024-04-10 16:20:49','lgonzalo','6','00055261','29683','29683@02010312','6081','6','A0048638','9C4C5D'),(503,'2024-04-10 17:00:44','lgonzalo','1','00100829','68321','68321@01010107','6603','1','A0048372','81F7D5'),(504,'2024-04-10 17:26:23','aparedes','1','81268','91045','91045@01010202','4028','6','AA0048966','9AC705'),(505,'2024-04-10 17:51:55','aparedes','1','100793','46754','46754@01010201','0004041','8','AA0047389','A510B4'),(506,'2024-04-11 09:42:47','aparedes','5','2519','2342','2342@04010110','-','1','AA0046833','9B7F85'),(507,'2024-04-11 10:59:06','lgonzalo','1','00100862','45190','45190@01010106','6597','4','A0047596','998395'),(508,'2024-04-11 11:24:18','aparedes','6','55264','29685','29685@02010215','5978','3','AA0048648','9C4BB5'),(509,'2024-04-11 11:26:16','aparedes','1','81272','91047','91047@01011514','4057','8','AA0048543','9B43CD'),(510,'2024-04-11 12:15:55','aparedes','6','33931','14851','14851@02010712','6287','4','AA0048656','A77FF4'),(511,'2024-04-11 12:42:22','aparedes','5','4000','1482','1482@04010109','04849','2','AA0046895','A0545D'),(512,'2024-04-11 12:44:16','aparedes','2','7853','8121','8121@05010711','6859','4','AA0045983','92AC2D'),(513,'2024-04-11 12:46:30','aparedes','1','81275','91049','91049@01011514','4052','8','AA0047390','99840D'),(514,'2024-04-11 16:05:40','aparedes','5','3978','1836','1836@04010112','04823','3','AA0046900','A0533D'),(515,'2024-04-11 16:38:05','aparedes','2','015487','13649','13649@05010501','3235','4','AA0045984','9A398D'),(516,'2024-04-11 17:45:17','aparedes','2','15482','13646','13646@05010403','2582','6','AA0045971','9A38FD'),(517,'2024-04-12 11:56:15','aparedes','2','7869','1043','1043@05010515','5551','1','AA0045973','92ACDD'),(518,'2024-04-12 12:16:02','aparedes','5','2525','2344','2344@04010111','04841','2','AA0046896','996CFD'),(519,'2024-04-12 12:28:37','aparedes','1','100912','33687','33687@01010201','04040','12','AA0048545','A5BC44'),(520,'2024-04-12 12:30:27','aparedes','2','15495','13653','13653@05010504','3245','2','AA0045986','9A458D'),(521,'2024-04-12 15:49:16','aparedes','6','55277','29695','29695@02010407','06160','1','AA0048649','A48B25'),(522,'2024-04-12 16:06:26','aparedes','6','33939','23726','23726@02010708','6254','8','AA0048659','956CDD'),(523,'2024-04-12 17:38:19','aparedes','2','15480','13644','13644@05010101','2546','16','AA0045964','9A39A5'),(524,'2024-04-12 18:12:51','aparedes','5','2530','2347','2347@04010110','04802','1','AA0046887','996C9D'),(526,'2024-04-13 09:33:57','lgonzalo','2','00015492','13641','13641@05010107','3369','8','A0045961','9A39ED'),(527,'2024-04-13 10:07:57','lgonzalo','2','00015489','13651','13651@05010302','2547','8','A0045988','92AF95'),(528,'2024-04-13 10:29:36','lgonzalo','1','00100932','87471','87471@01011705','05850','1','A0048375','81F775'),(529,'2024-04-13 11:30:52','lgonzalo','6','00033934','20059','20059@02010501','6327','4','A0048645','A5EA04'),(530,'2024-04-13 14:52:17','aparedes','4','1643','1231','1231@06010413','02337','2','AA0046910','9A3975'),(531,'2024-04-13 15:10:27','lgonzalo','6','00055279','29697','29697@02010407','6159','2','A0037908','A7812C'),(532,'2024-04-14 08:41:42','lgonzalo','5','00002526','2345','2345@04010111','004844','1','A0046897','996C6D'),(533,'2024-04-14 09:28:26','lgonzalo','5','00003989','1995','1995@04010112','04823','5','A0046893','A055F5'),(534,'2024-04-14 09:33:54','lgonzalo','6','00055284','29701','29701@02010405','6148','3','A0048771','9B44ED'),(535,'2024-04-14 10:03:25','lgonzalo','2','00015488','13650','13650@05010514','5543','7','A0045974','92ACD5'),(536,'2024-04-14 10:07:05','lgonzalo','1','00100941','81236','81236@01010202','4030','9','A0048546','81F84D'),(537,'2024-04-15 09:36:57','lgonzalo','6','00055283','29700','29700@02010711','6276','2','A0048773','99681D'),(538,'2024-04-15 10:08:03','lgonzalo','6','00055281','29699','29699@02010314','6096','2','A0048647','9B448D'),(540,'2024-04-15 17:12:54','lgonzalo','1','00100945','26834','26834@01010101','06556','4','A0045791','A5106C'),(541,'2024-04-15 17:16:20','lgonzalo','2','00015503','13658','13658@05010713','3225','11','A0045977','92B00D'),(542,'2024-04-16 09:05:40','lgonzalo','6','00033945','27644','27644@02010703','6216','6','A0038893','A74E74'),(543,'2024-04-16 09:22:14','lgonzalo','5','00002537','2351','2351@04010114','04813','3','A0046904','9BC905'),(544,'2024-04-16 09:24:45','lgonzalo','6','00004078','9762','9762@02010704','6224','5','A0048641','9457ED'),(545,'2024-04-16 09:28:12','lgonzalo','2','00015504','13659','13659@05010501','3236','1','A0041880','A19E15'),(546,'2024-04-16 09:56:38','lgonzalo','4','00001646','1232','1232@06010402','02373','2','A0046915','9BC91D'),(547,'2024-04-16 10:12:27','lgonzalo','1','00100875','56385','56385@01011414','5789','3','A0047','88609B'),(548,'2024-04-16 10:24:56','lgonzalo','6','00033946','28318','28318@02010713','6295','2','A0038894','A74B5C'),(549,'2024-04-16 10:25:04','lgonzalo','6','00033946','28318','28318@02010713','6295','2','A0038894','A74B5C'),(550,'2024-04-16 10:33:45','lgonzalo','1','00081292','38945','38945@01010211','03650','1','A0048379','998455'),(551,'2024-04-16 10:45:53','lgonzalo','1','00081306','91067','91067@01011211','00076','6','A0048549','99C36D'),(552,'2024-04-16 11:04:30','aparedes','6','55293','29707','29707@02010708','6256','8','AA0048549','9B4595'),(553,'2024-04-16 11:04:44','aparedes','6','55293','29707','29707@02010708','6256','8','AA0048549','9B4595'),(554,'2024-04-16 11:28:06','aparedes','2','1245','2670','2670@05010403','2576','4','AA0045960','A19CC5'),(555,'2024-04-16 11:35:12','aparedes','2','7870','9800','9800@05010514','5541','11','AA0045901','92A535'),(556,'2024-04-16 11:51:27','lgonzalo','1','00100974','87408','87408@01011405','5715','5','A0047689','99C325'),(557,'2024-04-16 15:36:59','lgonzalo','2','00007895','6863','6863@05010711','6863','5','A0045902','9A46F5'),(558,'2024-04-16 16:25:28','aparedes','1','81313','91072','91072@01011508','4085','5','AA0048945','9AC765'),(559,'2024-04-16 16:40:58','aparedes','1','100922','81602','81602@01011415','5798','4','AA0047690','A7C05C'),(562,'2024-04-17 09:15:52','aparedes','6','33955','25244','25244@02010712','06287','3','AA0048643','A7BFB4'),(563,'2024-04-17 09:45:15','aparedes','5','4009','152','152@04010101','4871','4','AA0045953','A05265'),(564,'2024-04-17 09:59:45','aparedes','5','2542','2353','2353@04010202','00150','2','AA0046930','9BC965'),(565,'2024-04-17 10:10:42','aparedes','3','75047','98079','98079@03010214','02790','4','AA0047966','A61D6D'),(566,'2024-04-17 10:23:39','aparedes','1','100984','56110','56110@01010207','295','6','AA0043476','99C3FD'),(567,'2024-04-17 10:41:13','aparedes','1','101018','56350','56350@01011408','5740','4','AA0047831','92ADD9'),(568,'2024-04-17 10:48:41','aparedes','1','101015','13360','13360@01010101','03647','1','AA0048381','81F955'),(569,'2024-04-17 11:05:42','aparedes','6','55294','29708','29708@02010709','6263','6','AA0038895','9B44A5'),(570,'2024-04-17 11:11:21','lgonzalo','1','00081310','91070','91070@01011513','1420','7','A0048946','99C295'),(571,'2024-04-17 11:18:23','aparedes','5','4019','1593','1593@04010109','8454','2','AA0045967','A05415'),(572,'2024-04-17 11:20:45','aparedes','1','101001','85852','85852@01011412','05773','3','AA0048137','81F715'),(573,'2024-04-17 11:23:35','lgonzalo','5','00004034','2266','2266@04010107','04916','1','A0046921','A054ED'),(574,'2024-04-17 11:33:55','lgonzalo','2','00007902','8131','8131@05010711','6863','5','A0045905','A0200D'),(575,'2024-04-17 11:48:45','lgonzalo','1','00101006','73930','73930@01011409','05754','3','A00434794','2A4D1'),(576,'2024-04-17 11:52:16','lgonzalo','1','00101024','81934','81934@01011409','5753','1','A0047832','92A3D1'),(577,'2024-04-17 12:33:25','lgonzalo','6','00013655','15826','15826@02011105','6985','1','A0048778','A7C0BC'),(578,'2024-04-17 12:57:18','aparedes','5','2543','2354','2354@04010104','04832','1','AA0046922','9BC845'),(579,'2024-04-17 12:57:31','aparedes','5','2543','2354','2354@04010104','04832','1','AA0046922','9BC845'),(580,'2024-04-17 12:59:53','aparedes','1','100949','9836','9836@01010510','06647','1','AA0048382','8888E3'),(581,'2024-04-17 13:09:17','lgonzalo','1','00101030','82861','82861@01011407','5733','3','A0047833','886F2B'),(582,'2024-04-17 13:18:10','lgonzalo','2','00007898','10940','10940@05010709','6853','5','AA0045906','92AE3D'),(583,'2024-04-17 15:39:45','aparedes','6','33954','742','742@02010708','6258','3','AA0038896','A782C4'),(584,'2024-04-17 16:06:21','lgonzalo','6','00055286','29702','29702@02010712','6289','2','A0048780','A143FD'),(585,'2024-04-17 16:08:09','lgonzalo','2','00015511','13663','13663@05010501','3236','6','A0045963','92A7AD'),(586,'2024-04-17 16:24:17','aparedes','1','81315','91074','91074@01010515','6638','3','AA0043478','99C27D'),(587,'2024-04-17 16:56:01','lgonzalo','5','00002544','2355','2355@04010211','04862','7','A0046928','A0527D'),(588,'2024-04-17 16:56:11','lgonzalo','5','00002544','2355','2355@04010211','04862','7','A0046928','A0527D'),(589,'2024-04-17 17:09:19','lgonzalo','3','00075049','98080','98080@03011508','00531','2','A0047986','A61D85'),(590,'2024-04-17 17:49:54','aparedes','6','33956','15619','15619@02011113','7049','1','AA0048781','A7C254');
/*!40000 ALTER TABLE `instalacionftth` ENABLE KEYS */;
UNLOCK TABLES;

--
-- Table structure for table `operador`
--

DROP TABLE IF EXISTS `operador`;
/*!40101 SET @saved_cs_client     = @@character_set_client */;
/*!50503 SET character_set_client = utf8mb4 */;
CREATE TABLE `operador` (
  `id` int NOT NULL AUTO_INCREMENT,
  `nombre` varchar(100) COLLATE utf8mb4_general_ci NOT NULL,
  `accesso` varchar(100) COLLATE utf8mb4_general_ci NOT NULL,
  `user` varchar(45) COLLATE utf8mb4_general_ci NOT NULL,
  PRIMARY KEY (`id`)
) ENGINE=InnoDB AUTO_INCREMENT=5 DEFAULT CHARSET=utf8mb4 COLLATE=utf8mb4_general_ci;
/*!40101 SET character_set_client = @saved_cs_client */;

--
-- Dumping data for table `operador`
--

LOCK TABLES `operador` WRITE;
/*!40000 ALTER TABLE `operador` DISABLE KEYS */;
INSERT INTO `operador` VALUES (1,'Eswin Mora','123','emora'),(2,'Abraham Paredes','123','aparedes'),(3,'Carlos Snchez','123','csanchez'),(4,'Luis Miguel','123','lgonzalo');
/*!40000 ALTER TABLE `operador` ENABLE KEYS */;
UNLOCK TABLES;

--
-- Table structure for table `t_averia`
--

DROP TABLE IF EXISTS `t_averia`;
/*!40101 SET @saved_cs_client     = @@character_set_client */;
/*!50503 SET character_set_client = utf8mb4 */;
CREATE TABLE `t_averia` (
  `id_averia` int NOT NULL,
  `nombre` text COLLATE utf8mb3_spanish_ci NOT NULL
) ENGINE=InnoDB DEFAULT CHARSET=utf8mb3 COLLATE=utf8mb3_spanish_ci;
/*!40101 SET character_set_client = @saved_cs_client */;

--
-- Dumping data for table `t_averia`
--

LOCK TABLES `t_averia` WRITE;
/*!40000 ALTER TABLE `t_averia` DISABLE KEYS */;
INSERT INTO `t_averia` VALUES (1,'Internet Lento'),(2,'Cambio de Equipo'),(3,'NA'),(4,'Desconfiguracion de Equipo'),(5,'Intermitencia');
/*!40000 ALTER TABLE `t_averia` ENABLE KEYS */;
UNLOCK TABLES;

--
-- Table structure for table `tecnologia`
--

DROP TABLE IF EXISTS `tecnologia`;
/*!40101 SET @saved_cs_client     = @@character_set_client */;
/*!50503 SET character_set_client = utf8mb4 */;
CREATE TABLE `tecnologia` (
  `id` int NOT NULL,
  `nombre` varchar(100) COLLATE utf8mb4_general_ci NOT NULL
) ENGINE=InnoDB DEFAULT CHARSET=utf8mb4 COLLATE=utf8mb4_general_ci;
/*!40101 SET character_set_client = @saved_cs_client */;

--
-- Dumping data for table `tecnologia`
--

LOCK TABLES `tecnologia` WRITE;
/*!40000 ALTER TABLE `tecnologia` DISABLE KEYS */;
INSERT INTO `tecnologia` VALUES (1,'FTTH'),(2,'EOC'),(3,'IPTV con Triplexor');
/*!40000 ALTER TABLE `tecnologia` ENABLE KEYS */;
UNLOCK TABLES;

--
-- Table structure for table `tipos_orden`
--

DROP TABLE IF EXISTS `tipos_orden`;
/*!40101 SET @saved_cs_client     = @@character_set_client */;
/*!50503 SET character_set_client = utf8mb4 */;
CREATE TABLE `tipos_orden` (
  `id` int NOT NULL,
  `nombre` varchar(100) COLLATE utf8mb4_general_ci NOT NULL
) ENGINE=InnoDB DEFAULT CHARSET=utf8mb4 COLLATE=utf8mb4_general_ci;
/*!40101 SET character_set_client = @saved_cs_client */;

--
-- Dumping data for table `tipos_orden`
--

LOCK TABLES `tipos_orden` WRITE;
/*!40000 ALTER TABLE `tipos_orden` DISABLE KEYS */;
INSERT INTO `tipos_orden` VALUES (1,'INSTALACIN'),(2,'AVERA'),(3,'MUDANZA'),(4,'MIGRACIN'),(5,'RECONEXIN');
/*!40000 ALTER TABLE `tipos_orden` ENABLE KEYS */;
UNLOCK TABLES;
/*!40103 SET TIME_ZONE=@OLD_TIME_ZONE */;

/*!40101 SET SQL_MODE=@OLD_SQL_MODE */;
/*!40014 SET FOREIGN_KEY_CHECKS=@OLD_FOREIGN_KEY_CHECKS */;
/*!40014 SET UNIQUE_CHECKS=@OLD_UNIQUE_CHECKS */;
/*!40101 SET CHARACTER_SET_CLIENT=@OLD_CHARACTER_SET_CLIENT */;
/*!40101 SET CHARACTER_SET_RESULTS=@OLD_CHARACTER_SET_RESULTS */;
/*!40101 SET COLLATION_CONNECTION=@OLD_COLLATION_CONNECTION */;
/*!40111 SET SQL_NOTES=@OLD_SQL_NOTES */;

-- Dump completed on 2024-04-18  8:24:34
