CREATE DATABASE  IF NOT EXISTS `integracionesolt` /*!40100 DEFAULT CHARACTER SET utf8mb4 COLLATE utf8mb4_0900_ai_ci */ /*!80016 DEFAULT ENCRYPTION='N' */;
USE `integracionesolt`;
-- MySQL dump 10.13  Distrib 8.0.34, for Win64 (x86_64)
--
-- Host: 192.168.10.51    Database: integracionesolt
-- ------------------------------------------------------
-- Server version	8.0.36-0ubuntu0.22.04.1

/*!40101 SET @OLD_CHARACTER_SET_CLIENT=@@CHARACTER_SET_CLIENT */;
/*!40101 SET @OLD_CHARACTER_SET_RESULTS=@@CHARACTER_SET_RESULTS */;
/*!40101 SET @OLD_COLLATION_CONNECTION=@@COLLATION_CONNECTION */;
/*!50503 SET NAMES utf8 */;
/*!40103 SET @OLD_TIME_ZONE=@@TIME_ZONE */;
/*!40103 SET TIME_ZONE='+00:00' */;
/*!40014 SET @OLD_UNIQUE_CHECKS=@@UNIQUE_CHECKS, UNIQUE_CHECKS=0 */;
/*!40014 SET @OLD_FOREIGN_KEY_CHECKS=@@FOREIGN_KEY_CHECKS, FOREIGN_KEY_CHECKS=0 */;
/*!40101 SET @OLD_SQL_MODE=@@SQL_MODE, SQL_MODE='NO_AUTO_VALUE_ON_ZERO' */;
/*!40111 SET @OLD_SQL_NOTES=@@SQL_NOTES, SQL_NOTES=0 */;

--
-- Table structure for table `averias`
--

DROP TABLE IF EXISTS `averias`;
/*!40101 SET @saved_cs_client     = @@character_set_client */;
/*!50503 SET character_set_client = utf8mb4 */;
CREATE TABLE `averias` (
  `idaverias` int NOT NULL AUTO_INCREMENT,
  `operador` varchar(45) DEFAULT NULL,
  `abonado` varchar(45) DEFAULT NULL,
  `t_orden` varchar(45) DEFAULT NULL,
  `fecha` datetime DEFAULT NULL,
  `area` varchar(45) DEFAULT NULL,
  `cod_orden` varchar(45) DEFAULT NULL,
  PRIMARY KEY (`idaverias`)
) ENGINE=InnoDB AUTO_INCREMENT=22 DEFAULT CHARSET=utf8mb4 COLLATE=utf8mb4_0900_ai_ci;
/*!40101 SET character_set_client = @saved_cs_client */;

--
-- Dumping data for table `averias`
--

LOCK TABLES `averias` WRITE;
/*!40000 ALTER TABLE `averias` DISABLE KEYS */;
INSERT INTO `averias` VALUES (3,'lgonzalo','12373@05010716','Cambio de Equipo','2024-03-24 08:57:20','Tecnico',NULL),(4,'lgonzalo','29543@02010508','Desconfiguracion de Equipo','2024-03-26 09:41:08','Tecnico',NULL),(5,'lgonzalo','9553@12007','Desconfiguracion de Equipo','2024-03-26 10:29:37','Tecnico',NULL),(6,'lgonzalo','13546@05010716','Desconfiguracion de Equipo','2024-03-26 11:08:11','Tecnico',NULL),(9,'lgonzalo','85026@01010607','Cambio de Equipo','2024-03-26 13:44:21','Tecnico',NULL),(10,'lgonzalo','2088@04010104','Desconfiguracion de Equipo','2024-03-26 15:29:08','Tecnico',NULL),(11,'lgonzalo','12812@05010214','Desconfiguracion de Equipo','2024-03-27 09:27:05','Tecnico',NULL),(12,'lgonzalo','11056@05010113','Cambio de Equipo','2024-03-27 09:55:04','Tecnico',NULL),(15,'lgonzalo','12800@05010206','Cambio de Equipo','2024-03-27 10:30:00','Tecnico',NULL),(17,'lgonzalo','12593@05010505','Cambio de Equipo','2024-03-27 14:54:06','Tecnico','00012636 '),(18,'lgonzalo','8129@5022','Internet Lento','2024-03-27 15:25:29','CALL',NULL),(19,'lgonzalo','8272@05010213','Desconfiguracion de Equipo','2024-03-27 16:26:48','Tecnico','00012640'),(20,'lgonzalo','13598@05010511','Cambio de Equipo','2024-03-27 17:19:22','Tecnico','00015429 '),(21,'lgonzalo','1046@06010415','Cambio de Equipo','2024-03-31 10:13:44','Tecnico',NULL);
/*!40000 ALTER TABLE `averias` ENABLE KEYS */;
UNLOCK TABLES;

--
-- Table structure for table `datos`
--

DROP TABLE IF EXISTS `datos`;
/*!40101 SET @saved_cs_client     = @@character_set_client */;
/*!50503 SET character_set_client = utf8mb4 */;
CREATE TABLE `datos` (
  `vlan` int DEFAULT NULL,
  `datos` varchar(64) COLLATE utf8mb4_general_ci DEFAULT NULL,
  `grupo` varchar(64) COLLATE utf8mb4_general_ci DEFAULT NULL,
  `id_filial` int DEFAULT NULL
) ENGINE=InnoDB DEFAULT CHARSET=utf8mb4 COLLATE=utf8mb4_general_ci;
/*!40101 SET character_set_client = @saved_cs_client */;

--
-- Dumping data for table `datos`
--

LOCK TABLES `datos` WRITE;
/*!40000 ALTER TABLE `datos` DISABLE KEYS */;
INSERT INTO `datos` VALUES (3053,'100M','CARABAYLLO-DESLIST-100M',3),(3053,'10M','CARABAYLLO-DESLIST-10M',3),(3053,'150M','CARABAYLLO-DESLIST-150M',3),(3053,'16M','CARABAYLLO-DESLIST-16M',3),(3053,'200M','CARABAYLLO-DESLIST-200M',3),(3053,'25M','CARABAYLLO-DESLIST-25M',3),(3053,'30M','CARABAYLLO-DESLIST-30M',3),(3053,'400M','CARABAYLLO-DESLIST-400M',3),(3053,'50M','CARABAYLLO-DESLIST-50M',3),(3502,'10M','CARABAYLLO-EOC-10M',3),(3502,'16M','CARABAYLLO-EOC-16M',3),(3502,'25M','CARABAYLLO-EOC-25M',3),(4004,'100M','CARABAYLLO-FTTH-100M',3),(4004,'10M','CARABAYLLO-FTTH-10M',3),(4004,'150M','CARABAYLLO-FTTH-150M',3),(4004,'16M','CARABAYLLO-FTTH-16M',3),(4004,'200M','CARABAYLLO-FTTH-200M',3),(4004,'25M','CARABAYLLO-FTTH-25M',3),(4004,'400M','CARABAYLLO-FTTH-400M',3),(4004,'50M','CARABAYLLO-FTTH-50M',3),(4004,'CATV','CARABAYLLO-FTTH-CATV',3),(3002,'100M','CHOSICA 1-FTTH-100M',2),(3002,'10M','CHOSICA 1-FTTH-10M',2),(3002,'150M','CHOSICA 1-FTTH-150M',2),(3002,'16M','CHOSICA 1-FTTH-16M',2),(3002,'200M','CHOSICA 1-FTTH-200M',2),(3002,'25M','CHOSICA 1-FTTH-25M',2),(3002,'30M','CHOSICA 1-FTTH-30M',2),(3002,'400M','CHOSICA 1-FTTH-400M',2),(3002,'50M','CHOSICA 1-FTTH-50M',2),(3002,'CATV','CHOSICA 1-FTTH-CATV',2),(3006,'100M','CHOSICA 2-FTTH-100M',2),(3006,'10M','CHOSICA 2-FTTH-10M',2),(3006,'150M','CHOSICA 2-FTTH-150M',2),(3006,'16M','CHOSICA 2-FTTH-16M',2),(3006,'200M','CHOSICA 2-FTTH-200M',2),(3006,'25M','CHOSICA 2-FTTH-25M',2),(3006,'30M','CHOSICA 2-FTTH-30M',2),(3006,'400M','CHOSICA 2-FTTH-400M',2),(3006,'50M','CHOSICA 2-FTTH-50M',2),(3006,'CATV','CHOSICA 2-FTTH-CATV',2),(3055,'100M','CHOSICA-DESLIST-100M',2),(3055,'10M','CHOSICA-DESLIST-10M',2),(3055,'150M','CHOSICA-DESLIST-150M',2),(3055,'16M','CHOSICA-DESLIST-16M',2),(3055,'200M','CHOSICA-DESLIST-200M',2),(3055,'25M','CHOSICA-DESLIST-25M',2),(3055,'400M','CHOSICA-DESLIST-400M',2),(3055,'50M','CHOSICA-DESLIST-50M',2),(3613,'10M','CHOSICA-EOC-10M',2),(3613,'16M','CHOSICA-EOC-16M',2),(3613,'25M','CHOSICA-EOC-25M',2),(3056,'100M','HUAYCAN-DESLIST-100M',4),(3056,'10M','HUAYCAN-DESLIST-10M',4),(3056,'150M','HUAYCAN-DESLIST-150M',4),(3056,'16M','HUAYCAN-DESLIST-16M',4),(3056,'200M','HUAYCAN-DESLIST-200M',4),(3056,'25M','HUAYCAN-DESLIST-25M',4),(3056,'50M','HUAYCAN-DESLIST-50M',4),(3001,'100M','HUAYCAN-FTTH-100M',4),(3001,'10M','HUAYCAN-FTTH-10M',4),(3001,'150M','HUAYCAN-FTTH-150M',4),(3001,'16M','HUAYCAN-FTTH-16M',4),(3001,'200M','HUAYCAN-FTTH-200M',4),(3001,'25M','HUAYCAN-FTTH-25M',4),(3001,'30M','HUAYCAN-FTTH-30M',4),(3001,'400M','HUAYCAN-FTTH-400M',4),(3001,'50M','HUAYCAN-FTTH-50M',4),(3001,'CATV','HUAYCAN-FTTH-CATV',4),(4011,'100M','LOS OLIVOS 1-FTTH-100M',1),(4011,'10M','LOS OLIVOS 1-FTTH-10M',1),(4011,'150M','LOS OLIVOS 1-FTTH-150M',1),(4011,'16M','LOS OLIVOS 1-FTTH-16M',1),(4011,'200M','LOS OLIVOS 1-FTTH-200M',1),(4011,'25M','LOS OLIVOS 1-FTTH-25M',1),(4011,'30M','LOS OLIVOS 1-FTTH-30M',1),(4011,'50M','LOS OLIVOS 1-FTTH-50M',1),(4011,'CATV','LOS OLIVOS 1-FTTH-CATV',1),(4012,'100M','LOS OLIVOS 2-FTTH-100M',1),(4012,'10M','LOS OLIVOS 2-FTTH-10M',1),(4012,'150M','LOS OLIVOS 2-FTTH-150M',1),(4012,'16M','LOS OLIVOS 2-FTTH-16M',1),(4012,'200M','LOS OLIVOS 2-FTTH-200M',1),(4012,'25M','LOS OLIVOS 2-FTTH-25M',1),(4012,'30M','LOS OLIVOS 2-FTTH-30M',1),(4012,'400M','LOS OLIVOS 2-FTTH-400M',1),(4012,'50M','LOS OLIVOS 2-FTTH-50M',1),(4012,'CATV','LOS OLIVOS 2-FTTH-CATV',1),(4014,'100M','LOS OLIVOS 3-FTTH-100M',1),(4014,'10M','LOS OLIVOS 3-FTTH-10M',1),(4014,'150M','LOS OLIVOS 3-FTTH-150M',1),(4014,'16M','LOS OLIVOS 3-FTTH-16M',1),(4014,'200M','LOS OLIVOS 3-FTTH-200M',1),(4014,'25M','LOS OLIVOS 3-FTTH-25M',1),(4014,'30M','LOS OLIVOS 3-FTTH-30M',1),(4014,'30M','LOS OLIVOS 3-FTTH-30M',1),(4014,'400M','LOS OLIVOS 3-FTTH-400M',1),(4014,'50M','LOS OLIVOS 3-FTTH-50M',1),(4014,'CATV','LOS OLIVOS 3-FTTH-CATV',1),(3051,'100M','LOS OLIVOS-DESLIST-100M',1),(3051,'10M','LOS OLIVOS-DESLIST-10M',1),(3051,'16M','LOS OLIVOS-DESLIST-16M',1),(3051,'200M','LOS OLIVOS-DESLIST-200M',1),(3051,'25M','LOS OLIVOS-DESLIST-25M',1),(3051,'400M','LOS OLIVOS-DESLIST-400M',1),(3051,'50M','LOS OLIVOS-DESLIST-50M',1),(3054,'100M','ÑAÑA-DESLIST-100M',5),(3054,'10M','ÑAÑA-DESLIST-10M',5),(3054,'150M','ÑAÑA-DESLIST-150M',5),(3054,'16M','ÑAÑA-DESLIST-16M',5),(3054,'200M','ÑAÑA-DESLIST-200M',5),(3054,'25M','ÑAÑA-DESLIST-25M',5),(3054,'30M','ÑAÑA-DESLIST-30M',5),(3054,'400M','ÑAÑA-DESLIST-400M',5),(3054,'50M','ÑAÑA-DESLIST-50M',5),(3713,'10M','ÑAÑA-EOC-10M',5),(3713,'16M','ÑAÑA-EOC-16M',5),(3713,'25M','ÑAÑA-EOC-25M',5),(3000,'100M','ÑAÑA-FTTH-100M',5),(3000,'10M','ÑAÑA-FTTH-10M',5),(3000,'150M','ÑAÑA-FTTH-150M',5),(3000,'16M','ÑAÑA-FTTH-16M',5),(3000,'200M','ÑAÑA-FTTH-200M',5),(3000,'25M','ÑAÑA-FTTH-25M',5),(3000,'30M','ÑAÑA-FTTH-30M',5),(3000,'400M','ÑAÑA-FTTH-400M',5),(3000,'50M','ÑAÑA-FTTH-50M',5),(3000,'CATV','ÑAÑA-FTTH-CATV',5),(3497,'10M','OLIVOS 3-EOC-10M',1),(3497,'16M','OLIVOS 3-EOC-16M',1),(3497,'25M','OLIVOS 3-EOC-25M',1),(3501,'10M','OLIVOS1-EOC-10M',1),(3501,'16M','OLIVOS1-EOC-16M',1),(3501,'25M','OLIVOS1-EOC-25M',1),(3499,'10M','OLIVOS2-EOC-10M',1),(3499,'16M','OLIVOS2-EOC-16M',1),(3499,'25M','OLIVOS2-EOC-25M',1),(3052,'100M','PUENTE PIEDRA-DESLIST-100M',6),(3052,'10M','PUENTE PIEDRA-DESLIST-10M',6),(3052,'150M','PUENTE PIEDRA-DESLIST-150M',6),(3052,'16M','PUENTE PIEDRA-DESLIST-16M',6),(3052,'200M','PUENTE PIEDRA-DESLIST-200M',6),(3052,'25M','PUENTE PIEDRA-DESLIST-25M',6),(3052,'400M','PUENTE PIEDRA-DESLIST-400M',6),(3052,'50M','PUENTE PIEDRA-DESLIST-50M',6),(3913,'10M','PUENTE PIEDRA-EOC-10M',6),(3913,'16M','PUENTE PIEDRA-EOC-16M',6),(3913,'25M','PUENTE PIEDRA-EOC-25M',6),(4005,'100M','PUENTE PIEDRA-FTTH-100M',6),(4005,'10M','PUENTE PIEDRA-FTTH-10M',6),(4005,'150M','PUENTE PIEDRA-FTTH-150M',6),(4005,'16M','PUENTE PIEDRA-FTTH-16M',6),(4005,'200M','PUENTE PIEDRA-FTTH-200M',6),(4005,'25M','PUENTE PIEDRA-FTTH-25M',6),(4005,'30M','PUENTE PIEDRA-FTTH-30M',6),(4005,'400M','PUENTE PIEDRA-FTTH-400M',6),(4005,'50M','PUENTE PIEDRA-FTTH-50M',6),(4005,'CATV','PUENTE PIEDRA-FTTH-CATV',6),(4005,'300M','PUENTE PIEDRA-FTTH-300M',6),(3006,'300M','CHOSICA 2-FTTH-300M',2),(4014,'300M','LOS OLIVOS 3-FTTH-300M',1),(3002,'300M','CHOSICA - FTTH-300M',2),(3006,'600M','CHOSICA 2-FTTH-600M',2),(4004,'300M','CARABAYLLO-FTTH-300M',NULL),(3000,'300M','ÑAÑA-FTTH-300M',NULL),(4005,'600M','PUENTE PIEDRA-FTTH-600M',NULL),(4011,'600M','LOS OLIVOS 1-FTTH-600M',NULL),(4012,'300M','LOS OLIVOS 2-FTTH-300M',1),(3001,'300M','HUAYCAN-FTTH 300M',NULL),(3002,'600M','CHOSICA 1-FTTH-600M',NULL),(3000,'500M','ÑAÑA-FTTH-500M',NULL);
/*!40000 ALTER TABLE `datos` ENABLE KEYS */;
UNLOCK TABLES;

--
-- Table structure for table `estado`
--

DROP TABLE IF EXISTS `estado`;
/*!40101 SET @saved_cs_client     = @@character_set_client */;
/*!50503 SET character_set_client = utf8mb4 */;
CREATE TABLE `estado` (
  `id_estado` int NOT NULL,
  `nombre` text COLLATE utf8mb3_spanish_ci NOT NULL
) ENGINE=InnoDB DEFAULT CHARSET=utf8mb3 COLLATE=utf8mb3_spanish_ci;
/*!40101 SET character_set_client = @saved_cs_client */;

--
-- Dumping data for table `estado`
--

LOCK TABLES `estado` WRITE;
/*!40000 ALTER TABLE `estado` DISABLE KEYS */;
INSERT INTO `estado` VALUES (1,'instalado'),(2,'Derivado a planta Externa'),(3,'Solucionado'),(4,'Pendiente');
/*!40000 ALTER TABLE `estado` ENABLE KEYS */;
UNLOCK TABLES;

--
-- Table structure for table `evaluacion`
--

DROP TABLE IF EXISTS `evaluacion`;
/*!40101 SET @saved_cs_client     = @@character_set_client */;
/*!50503 SET character_set_client = utf8mb4 */;
CREATE TABLE `evaluacion` (
  `id_evaluacion` int NOT NULL,
  `detalle` text COLLATE utf8mb3_spanish_ci NOT NULL
) ENGINE=InnoDB DEFAULT CHARSET=utf8mb3 COLLATE=utf8mb3_spanish_ci;
/*!40101 SET character_set_client = @saved_cs_client */;

--
-- Dumping data for table `evaluacion`
--

LOCK TABLES `evaluacion` WRITE;
/*!40000 ALTER TABLE `evaluacion` DISABLE KEYS */;
INSERT INTO `evaluacion` VALUES (1,'Bueno'),(2,'Regular');
/*!40000 ALTER TABLE `evaluacion` ENABLE KEYS */;
UNLOCK TABLES;

--
-- Table structure for table `filial`
--

DROP TABLE IF EXISTS `filial`;
/*!40101 SET @saved_cs_client     = @@character_set_client */;
/*!50503 SET character_set_client = utf8mb4 */;
CREATE TABLE `filial` (
  `id` int NOT NULL,
  `nombre` varchar(100) COLLATE utf8mb4_general_ci NOT NULL,
  `site` text COLLATE utf8mb4_general_ci NOT NULL
) ENGINE=InnoDB DEFAULT CHARSET=utf8mb4 COLLATE=utf8mb4_general_ci;
/*!40101 SET character_set_client = @saved_cs_client */;

--
-- Dumping data for table `filial`
--

LOCK TABLES `filial` WRITE;
/*!40000 ALTER TABLE `filial` DISABLE KEYS */;
INSERT INTO `filial` VALUES (1,'LOS OLIVOS','0101'),(2,'CHOSICA','0501'),(3,'COMAS','0301'),(4,'HUAYCÁN','0601'),(5,'ÑAÑA','0401'),(6,'PUENTE PIEDRA','0201');
/*!40000 ALTER TABLE `filial` ENABLE KEYS */;
UNLOCK TABLES;

--
-- Table structure for table `instalacioneoc`
--

DROP TABLE IF EXISTS `instalacioneoc`;
/*!40101 SET @saved_cs_client     = @@character_set_client */;
/*!50503 SET character_set_client = utf8mb4 */;
CREATE TABLE `instalacioneoc` (
  `id` int NOT NULL AUTO_INCREMENT,
  `filial` int DEFAULT NULL,
  `operador` varchar(45) DEFAULT NULL,
  `codigo` varchar(45) DEFAULT NULL,
  `nodo` varchar(45) DEFAULT NULL,
  `mac` varchar(45) DEFAULT NULL,
  `vlan` varchar(45) DEFAULT NULL,
  `speed` varchar(45) DEFAULT NULL,
  `coordenada` varchar(100) DEFAULT NULL,
  `fecha` datetime DEFAULT NULL,
  `os` varchar(45) DEFAULT NULL,
  PRIMARY KEY (`id`)
) ENGINE=InnoDB AUTO_INCREMENT=11 DEFAULT CHARSET=utf8mb4 COLLATE=utf8mb4_0900_ai_ci;
/*!40101 SET character_set_client = @saved_cs_client */;

--
-- Dumping data for table `instalacioneoc`
--

LOCK TABLES `instalacioneoc` WRITE;
/*!40000 ALTER TABLE `instalacioneoc` DISABLE KEYS */;
INSERT INTO `instalacioneoc` VALUES (1,1,'lgonzalo','2020','220@2020','20','22','2','-11.967192, -77.081052','2024-02-16 14:59:33','13131313'),(2,1,'lgonzalo','90714','90714@1091','07E3','3501','25M','-11.967192, -77.081052','2024-02-16 19:46:22','00080702 '),(3,1,'lgonzalo','23423','23423@23423','2342','34234','234234M','2343423','2024-02-16 15:44:14','32423432'),(4,1,'lgonzalo','20202','20202@2552','2262','2235','2125M','122412254154 152151','2024-02-16 15:51:40','00231515'),(5,2,'lgonzalo','1250202','1250202@2151','21215','21512','5152M','515s5ad5118as1d15','2024-02-16 15:52:18','202020021515'),(6,1,'lgonzalo','301323','301323@220002','202','150','15151M','2151sa151551511','2024-02-16 15:53:23','3030130'),(7,1,'lgonzalo','prueba','prueba@prueba','prueba','323','233M','prueba','2024-02-16 15:56:49','prueba'),(8,1,'lgonzalo','29479','29479@4226','1067','3501','25M','-11.930090, -77.083331','2024-02-17 09:23:43','00054940 '),(9,1,'lgonzalo','43395','43395@2084','1B9D','3501','25M','-11.957508, -77.089696','2024-02-17 16:35:22','00080707 '),(10,1,'lgonzalo','90887','90887@2288','0BBC','3501','25M','-11.974113, -77.102780','2024-03-24 10:17:53','00081061 ');
/*!40000 ALTER TABLE `instalacioneoc` ENABLE KEYS */;
UNLOCK TABLES;

--
-- Table structure for table `instalacionftth`
--

DROP TABLE IF EXISTS `instalacionftth`;
/*!40101 SET @saved_cs_client     = @@character_set_client */;
/*!50503 SET character_set_client = utf8mb4 */;
CREATE TABLE `instalacionftth` (
  `id` int NOT NULL AUTO_INCREMENT,
  `fecha` datetime NOT NULL,
  `operador` text COLLATE utf8mb4_general_ci NOT NULL,
  `filial` text COLLATE utf8mb4_general_ci NOT NULL,
  `os` text COLLATE utf8mb4_general_ci NOT NULL,
  `abonado` text COLLATE utf8mb4_general_ci NOT NULL,
  `codabonado` text COLLATE utf8mb4_general_ci NOT NULL,
  `caja` text COLLATE utf8mb4_general_ci NOT NULL,
  `borne` text COLLATE utf8mb4_general_ci NOT NULL,
  `precinto` text COLLATE utf8mb4_general_ci NOT NULL,
  `mac` text COLLATE utf8mb4_general_ci NOT NULL,
  PRIMARY KEY (`id`)
) ENGINE=InnoDB AUTO_INCREMENT=421 DEFAULT CHARSET=utf8mb4 COLLATE=utf8mb4_general_ci;
/*!40101 SET character_set_client = @saved_cs_client */;

--
-- Dumping data for table `instalacionftth`
--

LOCK TABLES `instalacionftth` WRITE;
/*!40000 ALTER TABLE `instalacionftth` DISABLE KEYS */;
INSERT INTO `instalacionftth` VALUES (6,'2024-01-08 00:00:00','operador','1','50','50','50@01010113','50','50','0','FDCD'),(7,'2024-01-08 00:00:00','operador','1','FDCD','FDCD','FDCD@01010113','0','0','0','FDCD'),(8,'2024-01-08 00:00:00','operador','2','FDCD','FDCD','FDCD@05010113','0','0','0','FDCD'),(9,'2024-01-10 00:00:00','operador','1','00080235','90430','90430@01010804','3697','5','0','EB9D'),(10,'2024-01-10 00:00:00','operador','1','00080248','90440','90440@01011608','1605','4','0','4045'),(11,'2024-01-10 00:00:00','operador','1','5995','5995','5995@01010206','5995','5995','0','5995'),(12,'2024-01-10 00:00:00','operador','2','13359','13359','13359@05010208','13359','13359','0','356D'),(13,'2024-01-10 00:00:00','operador','1','06537','06537','06537@01011709','6537','6537','0','67C5'),(14,'2024-01-11 00:00:00','operador','1','20','20','20@01010113','20','202','0','FDCD'),(15,'2024-01-11 00:00:00','operador','1','2','0','0@01010113','2','2','0','FDCD'),(16,'2024-01-11 00:00:00','operador','1','20212','20212','20212@0101','20212','20212','0','FDCD'),(17,'2024-01-11 00:00:00','operador','1','4545','4545','4545@01010113','45','45','0','FDCD'),(18,'2024-01-12 00:00:00','operador','1','SADF','ASDFASF','ASDFASF@01012020','0','0','0','SDASDAS'),(19,'2024-01-26 00:00:00','operador','1','1515','1515','1515@01010113','15','15','0','1584'),(20,'2024-01-26 00:00:00','operador','6','27294','27294','27294@02010302','5999','11','0','2D6D'),(21,'2024-01-26 00:00:00','operador','1','89106','89106','89106@01011414','5792','4','0','DD7C'),(22,'2024-01-26 00:00:00','operador','1','116411','90571','90571@01010215','3687','4','0','EC15'),(23,'2024-01-29 00:00:00','operador','2','10196','10196','10196@05010210','5441','4','0','AA55'),(24,'2024-01-29 00:00:00','operador','1','86130','86130','86130@01010205','341','6','0','DB9C'),(25,'2024-01-29 00:00:00','operador','1','79432','79432','79432@01011501','4073','1','0','DE0C'),(26,'2024-01-29 00:00:00','operador','1','90576','90576','90576@01011405','5715','6','0','7825'),(27,'2024-01-29 00:00:00','operador','2','8316','8316','8316@05010711','6858','1','0','5215'),(28,'2024-01-29 00:00:00','operador','2','1234','13440','13440@05010101','2553','10','0','5275'),(29,'2024-01-29 00:00:00','operador','5','803','803','803@04010201','141','1','0','DDED'),(30,'2024-01-29 00:00:00','operador','2','1234','13442','13442@05010101','2553','11','0','516D'),(31,'2024-01-29 00:00:00','operador','2','1234','13441','13441@05010409','5391','1','0','A9C5'),(32,'2024-01-29 00:00:00','operador','4','451','451','451@06010206','255','4','0','DE35'),(33,'2024-01-29 00:00:00','operador','4','498','498','498@06010313','0','0','0','DCB5'),(34,'2024-01-29 00:00:00','operador','2','1234','3009','3009@05010711','6858','3','0','513D'),(35,'2024-01-29 00:00:00','operador','4','1112','1112','1112@06010201','0','0','0','8B1D'),(36,'2024-01-30 00:00:00','operador','1','PRUEBA','PRUEBA','PRUEBA@01010202','7878','2','A2020','1212'),(37,'2024-01-30 00:00:00','operador','1','1515','1515','1515@01010113','1515','1515','A1515','1584'),(38,'2024-01-30 00:00:00','operador','2','9665','9665','9665@05010605','5408','13','A0041745','8B2D'),(39,'2024-01-30 00:00:00','operador','1','26489','26489','26489@01010804','3691','4','A0045087','B7ED'),(40,'2024-01-30 00:00:00','operador','4','1140','1140','1140@06010211','NR','4','A0041739','DCCD'),(41,'2024-01-30 00:00:00','operador','2','8091','8091','8091@05010605','5408','14','A0041746','F1A5'),(42,'2024-01-30 00:00:00','operador','1','90587','90587','90587@01010913','3070','4','A0047022','7735'),(43,'2024-01-30 00:00:00','operador','2','1234','13451','13451@05010409','5393','7','AA0041747','F0E5'),(44,'2024-01-30 00:00:00','operador','1','13450','13450','13450@01010208','6952','5','A0041781','A8ED'),(45,'2024-01-30 00:00:00','operador','1','90607','90607','90607@01010913','3064','3','A0047023','C47D'),(46,'2024-01-30 00:00:00','operador','2','1234','13447','13447@05010208','6952','6','AA0041748','3675'),(47,'2024-01-30 00:00:00','operador','6','24549','24549','24549@02010501','6321','3','A0042699','0C1D'),(48,'2024-01-30 00:00:00','operador','2','13452','13452','13452@05010614','5480','10','A0041542','F0B5'),(49,'2024-01-31 00:00:00','operador','2','1234','13413','13413@05010411','A0041749','5','A3913','A94D'),(50,'2024-01-31 00:00:00','operador','1','29397','29397','29397@01010302','NR','2','A0044699','2D85'),(51,'2024-01-31 00:00:00','operador','6','29390','29390','29390@02010708','6252','2','A0044680','9AAD'),(52,'2024-01-31 00:00:00','operador','1','1234','90593','90593@01011416','5803','3','AA0046259','783D'),(53,'2024-01-31 00:00:00','operador','1','90603','90603','90603@01010211','3654','5','A0047178','BA3D'),(54,'2024-01-31 00:00:00','operador','1','1234','88091','88091@01010109','349','13','AA0047307','59AD'),(55,'2024-01-31 00:00:00','operador','1','29396','29396','29396@01010301','NR','5','A0044700','2E75'),(56,'2024-01-31 00:00:00','operador','2','13455','13455','13455@05010501','3229','4','A0041784','F1D5'),(57,'2024-01-31 00:00:00','operador','2','13453','13453','13453@05010610','5455','12','A0041775','F055'),(58,'2024-01-31 00:00:00','operador','1','1234','46838','46838@01011501','4067','8','A','81AD'),(59,'2024-01-31 00:00:00','operador','1','90610','90610','90610@01011203','00023','8','A0047308','EE75'),(60,'2024-02-01 00:00:00','operador','1','1515','1515','1515@01010113','1515','1515','A1515','1584'),(61,'2024-02-01 00:00:00','operador','1','1515','1515','1515@01010113','1515','1515','A1515','1584'),(62,'2024-02-01 00:00:00','operador','5','1101','1101','1101@04010211','4856','7','A0041708','02ED'),(63,'2024-02-01 00:00:00','operador','1','74476','74476','74476@01010804','03692','4','A0045092','7FCD'),(64,'2024-02-01 00:00:00','operador','6','27416','27416','27416@02010312','06078','1','A0044703','BODD'),(65,'2024-02-01 00:00:00','operador','2','13460','13460','13460@05010711','6860','1','A0041788','89AD'),(66,'2024-02-02 00:00:00','operador','2','13466','13466','13466@05010303','2526','8','A0041790','888D'),(67,'2024-02-02 00:00:00','operador','2','8209','8209','8209@05010216','5483','9','A0041777','157C'),(68,'2024-02-02 00:00:00','operador','2','13465','13465','13465@05010505','3251','2','A0041791','8785'),(69,'2024-02-02 00:00:00','operador','1','90619','90619','90619@01011410','05359','1','A0046263','E2D5'),(70,'2024-02-02 00:00:00','operador','2','1346313463','13463','13463@05010603','5385','10','A0041780','8AFD'),(71,'2024-02-02 00:00:00','operador','6','26589','26589','26589@02010710','6274','2','A0044704','B0C5'),(72,'2024-02-02 00:00:00','operador','1','44742','44742','44742@01011706','05854','1','A0046264','1815'),(73,'2024-02-02 00:00:00','operador','6','28860','28860','28860@02010512','6412','4','A0044718','AE3D'),(74,'2024-02-02 00:00:00','operador','2','13467','13467','13467@05010601','5427','12','A0041793','88ED'),(75,'2024-02-02 00:00:00','operador','6','29399','29399','29399@02010507','6394','2','A0044705','D7AD'),(76,'2024-02-06 00:00:00','operador','1','81666','81666','81666@01010411','00459','5','A0046373','B31D'),(77,'2024-02-06 00:00:00','operador','2','8926','8926','8926@05010711','6862','1','A0041798','F445'),(78,'2024-02-06 00:00:00','operador','2','8130','8130','8130@05010406','5402','3','A0041769','F18D'),(79,'2024-02-07 00:00:00','operador','1','13478','13478','13478@01010315','2607','13','A0041799','F4BD'),(80,'2024-02-07 00:00:00','operador','1','10691','10691','10691@01010810','03742','4','A0045094','81C5'),(81,'2024-02-07 00:00:00','operador','1','90640','90640','90640@01011309','00175','5','A0046374','5ACD'),(82,'2024-02-07 00:00:00','operador','1','32956','32956','32956@01011507','4030','3','A0026941','DC2C'),(83,'2024-02-07 00:00:00','operador','1','29431','29431','29431@01010305','1359','5','A0044663','68B5'),(84,'2024-02-07 00:00:00','operador','1','90654','90654','90654@01011403','5702','6','A0044722','B3D5'),(85,'2024-02-07 00:00:00','operador','1','90650','90650','90650@01011504','04060','7','A0046375','F5E5'),(86,'2024-02-07 00:00:00','operador','1','71487','71487','71487@01011404','5707','4','A0047615','84C5'),(87,'2024-02-07 00:00:00','operador','1','85462','85462','85462@01011505','4047','3','A0044743','89BD'),(88,'2024-02-07 00:00:00','operador','2','7860','7860','7860@05010410','4379','4','A0041661','8A0D'),(89,'2024-02-07 00:00:00','operador','1','87634','87634','87634@01011503','04042','1','A0046046','817D'),(90,'2024-02-07 00:00:00','operador','4','1005','1005','1005@06010206','0256','3','A0041704','EE0D'),(91,'2024-02-08 00:00:00','operador','1','80639','80639','80639@01011503','4040','6','A0047067','84AD'),(92,'2024-02-08 00:00:00','operador','1','80634','80634','80634@01010801','6504','3','A0046048','DBFC'),(93,'2024-02-08 00:00:00','operador','1','25294','25294','25294@01010802','06510','2','A0047129','88A5'),(94,'2024-02-08 00:00:00','operador','1','6360','6360','6360@01010116','06517','2','A0045096','86D5'),(95,'2024-02-09 00:00:00','operador','2','11554','11554','11554@05010415','11554','1155411554','A11554','879D'),(96,'2024-02-09 00:00:00','operador','6','17896','17896','17896@02010501','6326','2','A0044744','DBE4'),(97,'2024-02-09 00:00:00','operador','2','13481','13481','13481@05010409','5386','7','A0041665','EBFD'),(98,'2024-02-09 00:00:00','operador','1','90389','90389','90389@01010603','01235','2','A0047709','D285'),(99,'2024-02-09 00:00:00','operador','2','13485','13485','13485@05010207','5420','3','A0041657','555D'),(100,'2024-02-09 00:00:00','operador','2','2251','2251','2251@05010314','12','12','A12','561D'),(101,'2024-02-09 00:00:00','operador','6','28535','28535','28535@02010501','6326','3','A0044745','DD64'),(102,'2024-02-09 00:00:00','operador','1','87583','87583','87583@01010115','2','2','A2','1305'),(103,'2024-02-09 00:00:00','lgonzalo','2','8211','8211','8211@05010709','6583','1','A0041666','A935'),(104,'2024-02-09 00:00:00','lgonzalo','3','97958','97958','97958@03010213','02784','6','A0044494','EC2D'),(105,'2024-02-09 00:00:00','lgonzalo','1','82016','82016','82016@01011709','6532','3','A0044730','AE6D'),(106,'2024-02-09 00:00:00','lgonzalo','1','76229','76229','76229@01011507','4034','6','A0046051','8825'),(107,'2024-02-09 00:00:00','lgonzalo','2','10317','10317','10317@05010709','6855','3','A0041670','F4ED'),(108,'2024-02-09 00:00:00','lgonzalo','6','21692','21692','21692@02010501','6328','5','A0047441','360C'),(109,'2024-02-09 16:07:03','lgonzalo','6','00033577','19270','19270@02010501','6325','2','A0044747','0BED'),(110,'2024-02-09 16:41:30','lgonzalo','2','00015208','13487','13487@05010510','5523','3','A0041659','F475'),(111,'2024-02-09 16:44:33','lgonzalo','1','00080613','90662','90662@01010410','0451','5','A0047740','1365'),(112,'2024-02-09 16:52:41','lgonzalo','2','00015213','13490','13490@05010105','2595','11','A0041667','F505'),(113,'2024-02-10 09:12:31','lgonzalo','2','00015217','13477','13477@05010708','3915','13','A0041668','888D'),(114,'2024-02-10 09:40:17','lgonzalo','6','00054897','29451','29451@02010501','6327','2','A0044668','BD3C'),(115,'2024-02-10 10:05:41','lgonzalo','1','00074869','35929','35929@01011501','4072','2','A0047070','8495'),(116,'2024-02-10 10:46:27','lgonzalo','6','00004020','20315','20315@02010404','6141','1','A0044752','DD94'),(117,'2024-02-10 11:00:14','lgonzalo','1','00004020','90674','90674@01011512','0196','4','A0047732','880D'),(118,'2024-02-10 11:01:31','lgonzalo','1','00004020','90674','90674@01011512','0196','4','A0047732','880D'),(119,'2024-02-10 11:30:22','lgonzalo','1','00099405','73765','73765@01010213','3666','3','A0047621','13C5'),(120,'2024-02-10 13:03:38','lgonzalo','6','00054898','29452','29452@02010716','6317','1','A0044753','DAC4'),(121,'2024-02-10 14:18:26','lgonzalo','5','00002417','2280','2280@04010208','04808','6','A0041378','BF7D'),(123,'2024-02-13 10:15:05','lgonzalo','1','00099525','5786','5786@01011413','5786','6','A0047136','84DD'),(124,'2024-02-13 10:36:54','lgonzalo','1','00054919','64708','64708@01010310','03724','6','A0047014','B465'),(125,'2024-02-13 11:05:36','lgonzalo','6','00054911','29460','29460@02010401','6116','3','A0047461','0D55'),(126,'2024-02-13 11:15:26','lgonzalo','5','00002419','2282','2282@04010201','00141','8','A0041734','BE8D'),(127,'2024-02-13 11:44:18','lgonzalo','2','00015228','4215','4215@05010605','5407','10','A0041761','F51D'),(130,'2024-02-13 16:35:12','lgonzalo','6','00033602','28702','28702@02010506','6367','1','A0044776','0CF5'),(131,'2024-02-13 17:12:52','lgonzalo','1','00080676','1676','1676@01010508','1676','3','A0046060','9F0D'),(132,'2024-02-14 09:52:27','lgonzalo','3','00074880','97966','97966@03010213','02786','4','A0045137','41DD'),(133,'2024-02-14 09:56:19','lgonzalo','6','00033594','24140','24140@02010713','06298','3','A0047485','DD4C'),(134,'2024-02-14 10:12:14','lgonzalo','6','00033610','6210','6210@02010702','6210','3','A0047465','0ACD'),(135,'2024-02-14 10:25:38','lgonzalo','6','00054924','29469','29469@02010305','NR','3','A0044777','B46D'),(136,'2024-02-14 10:42:12','lgonzalo','2','00007406','10437','10437@05010709','6856','5','A0041638','8A9D'),(137,'2024-02-14 10:44:25','lgonzalo','1','00080682','90707','90707@01010604','1227','3','A0046061','C325'),(138,'2024-02-14 11:28:52','lgonzalo','1','00080691','83054','83054@01010514','6625','2','A0047609','02E5'),(139,'2024-02-14 11:32:42','lgonzalo','2','00015237','13504','13504@05010310','3858','13','A0041687','0255'),(140,'2024-02-14 11:54:31','lgonzalo','2','00015241','13507','13507@05010513','5532','1','A0041677','4E14'),(141,'2024-02-14 11:58:24','lgonzalo','1','00080667','90698','90698@01011316','00454','4','A0047316','7F6D'),(142,'2024-02-14 13:05:00','lgonzalo','1','00080670','90700','90700@01011608','1601','4','A0047138','BB45'),(143,'2024-02-14 13:10:09','lgonzalo','6','00054928','29472','29472@02010311','06062','3','A0047486','D645'),(144,'2024-02-14 15:05:20','lgonzalo','1','00054922','29431','29431@01010305','NR','0','A0044663','B515'),(145,'2024-02-14 16:03:02','lgonzalo','2','00015230','13506','13506@05010303','2556','15','A0041686','026D'),(146,'2024-02-15 09:27:56','lgonzalo','6','00033613','23751','23751@02010501','6324','4','A0044781','AE9D'),(147,'2024-02-15 09:58:52','lgonzalo','1','00099627','80596','80596@01011507','4028','6','A0047020','A105'),(148,'2024-02-15 10:16:02','lgonzalo','1','00099568','46973','46973@01010810','3738','7','A0047470','0DB5'),(149,'2024-02-15 16:13:41','lgonzalo','1','00080697','90712','90712@01011511','4027','8','A0046064','A1F5'),(150,'2024-02-15 16:41:19','lgonzalo','1','00080672','90701','90701@01011411','05766','2','A0046466','CEFD'),(151,'2024-02-15 16:45:27','lgonzalo','1','00099563','88887','88887@01011413','05785','3','A0046390','8105'),(152,'2024-02-16 10:15:43','lgonzalo','1','00099545','45823','45823@01011413','5781','4','A0047610','A02D'),(153,'2024-02-16 11:16:13','lgonzalo','1','00099584','82480','82480@01011411','05769','4','A0046457','A0BD'),(154,'2024-02-16 11:30:04','lgonzalo','6','00054943','29463','29463@02010607','NR','5','A0044780','0B75'),(155,'2024-02-16 11:47:10','lgonzalo','1','00099600','56480','56480@01011411','05767','5','A0045142','A8DD'),(156,'2024-02-16 13:02:42','lgonzalo','2','00007429','6515','6515@05010514','5541','6','A004141633','77CA'),(157,'2024-02-16 13:23:40','lgonzalo','3','00074886','97972','97972@03010313','04154','2','A0045109','5E45'),(158,'2024-02-16 16:08:44','lgonzalo','1','00099656','85370','85370@01011402','5698','3','A0046066','5535'),(159,'2024-02-16 16:11:27','lgonzalo','4','00001536','1165','1165@06010107','01193','8','A0046508','EECD'),(160,'2024-02-16 16:15:11','lgonzalo','1','00099622','89201','89201@01011707','05863','6','A0047032','587D'),(161,'2024-02-16 16:19:06','lgonzalo','6','00033636','8469','8469@02010713','06296','1','A0047454','0C05'),(162,'2024-02-16 16:45:18','lgonzalo','2','00007396','10721','10721@05010711','6857','1','A0041632','37A0'),(163,'2024-02-16 17:31:10','lgonzalo','2','00015249','13513','13513@05010406','05404','1','A0041608','4AB5'),(164,'2024-02-17 09:57:36','lgonzalo','1','00099660','56235','56235@01011404','6314','6','A0047320','5625'),(165,'2024-02-20 08:30:34','lgonzalo','1','1584','1584','1584@01010113','1584','1584','A1584','1584'),(166,'2024-02-20 10:16:11','lgonzalo','2','00007471','3487','3487@05010513','3487','5539','A0041628','5EE0'),(167,'2024-02-20 15:48:04','lgonzalo','3','00074899','97982','97982@03011510','00541','1','A0045150','A965'),(168,'2024-02-21 09:57:59','lgonzalo','2','00007481','5531','5531@05010512','5531','2','A0041986','0548'),(169,'2024-02-21 10:07:21','lgonzalo','6','00004035','13738','13738@02010215','5975','2','A0046613','0C95'),(170,'2024-02-21 10:18:07','lgonzalo','4','00001540','1169','1169@06010316','001179','1','A0046511','1745'),(171,'2024-02-21 11:06:07','lgonzalo','1','00080762','90747','90747@01011202','00015','2','A0047324','6D24'),(172,'2024-02-21 12:02:16','lgonzalo','6','00033665','23577','23577@02010303','6013','2','A0033333','0D3D'),(173,'2024-02-22 09:38:30','lgonzalo','2','00015273','13526','13526@05010314','2590','10','A0041989','866D'),(174,'2024-02-22 09:54:21','lgonzalo','1','00099759','86592','86592@01011401','5685','1','A0047660','9E95'),(175,'2024-02-22 10:26:43','lgonzalo','1','00099766','69188','69188@01011404','5710','5','A0047150','A1C5'),(176,'2024-02-22 10:51:37','lgonzalo','6','00004033','27807','27807@02010709','6263','4','A004624','0BA5'),(177,'2024-02-22 11:02:50','lgonzalo','2','00015280','13528','13528@05010503','3239','6','A0041949','A1AD'),(178,'2024-02-22 11:48:24','lgonzalo','4','00001542','1171','1171@06010106','01185','14','A0041611','8AB5'),(179,'2024-02-22 16:39:01','lgonzalo','1','00080776','90757','90757@01010810','3740','5','A0047714','CECD'),(180,'2024-02-23 09:54:19','lgonzalo','3','00074912','97993','97993@03010106','04186','8','A0048025','EF85'),(181,'2024-02-23 09:57:56','lgonzalo','6','00054990','29512','29512@02010503','0630','2','A0048007','F045'),(182,'2024-02-23 10:07:27','lgonzalo','2','00015270','13524','13524@05010309','2571','16','A0041990','6792'),(183,'2024-02-23 10:43:00','lgonzalo','4','00001545','1172','1172@06010112','02331','2','A004601','E50D'),(184,'2024-02-23 10:51:49','lgonzalo','1','00099778','89000','89000@01011403','5705','4','A0047151','6245'),(185,'2024-02-23 10:52:38','lgonzalo','1','02021212122','81009','81009@01010210','3642','4','A0047329','AFCD'),(186,'2024-02-23 11:00:30','lgonzalo','6','00054998','29516','29516@02010710','6272','3','A0044769','53AD'),(187,'2024-02-23 15:38:27','lgonzalo','1','00099790','70316','70316@01011707','5859','2','A0047633','0205'),(188,'2024-02-23 15:54:39','lgonzalo','4','00001547','1173','1173@06010112','2331','11','A0046515','E4C5'),(189,'2024-02-23 16:32:37','lgonzalo','1','00099770','82982','82982@01011706','05852','1','A0048204','5775'),(190,'2024-02-23 16:43:03','lgonzalo','1','00099833','56923','56923@01011706','5851','2','A0047153','6BEC'),(191,'2024-02-23 16:50:45','lgonzalo','1','00099729','61012','61012@01011406','5730','2','A0047634','8B4D'),(192,'2024-02-23 17:19:14','lgonzalo','1','00015288','13531','13531@01010510','5516','2','A0041992','A2FD'),(193,'2024-02-23 17:28:37','lgonzalo','4','00001546','629','629@06010313','01195','6','A0041604','E4AD'),(194,'2024-02-24 10:05:14','lgonzalo','1','00099865','57904','57904@01011401','5689','5','A0047155','8B65'),(195,'2024-02-24 13:08:41','lgonzalo','1','00080772','90754','90754@01010808','3729','4','A0046072','5805'),(196,'2024-02-24 16:06:54','lgonzalo','3','00074916','97979','97979@03011502','00488','7','A0048010','050D'),(197,'2024-02-27 11:10:49','lgonzalo','2','00007534','1713','1713@05010507','5494','2','A0041958','89C5'),(198,'2024-02-27 11:19:32','lgonzalo','6','00055025','29528','29528@02010504','6350','1','A0046636','CA6D'),(199,'2024-02-27 16:15:37','lgonzalo','1','00080827','90784','90784@01010812','3759','3','A0047279','01ED'),(200,'2024-02-28 10:24:15','lgonzalo','2','00015314','13542','13542@05010505','3249','4','A0041998','86CD'),(201,'2024-02-28 10:36:31','lgonzalo','1','00099892','85613','85613@01011415','5802','2','A47641','0065'),(202,'2024-02-28 10:47:50','lgonzalo','6','00055030','29531','29531@02010711','6277','2','A0046772','C9F5'),(203,'2024-02-28 11:05:10','lgonzalo','1','00080816','90777','90777@01011707','010565','1','A0048304','D005'),(204,'2024-02-28 11:48:10','lgonzalo','1','00080832','89082','89082@01010207','00292','4','A0047336','00DD'),(205,'2024-02-28 13:17:57','lgonzalo','2','00015308','12651','12651@05010507','05499','1','A0033620','E5B5'),(206,'2024-02-28 13:29:41','lgonzalo','5','00003665','1473','1473@04010208','4811','8','A0046528','1835'),(207,'2024-02-28 16:22:13','lgonzalo','6','00055033','29533','29533@02010705','6236','4','A0046639','AE55'),(208,'2024-02-28 17:17:00','lgonzalo','6','00033698','13221','13221@02010310','6063','4','A0047942','0C65'),(209,'2024-02-29 10:19:28','lgonzalo','1','00099978','38564','38564@01010616','01163','1','A0048306','CF5D'),(210,'2024-02-29 10:27:45','lgonzalo','1','00080825','90783','90783@01011207','50','8','A00747338','6DB4'),(211,'2024-02-29 10:32:18','lgonzalo','6','00033701','22090','22090@02010708','6353','6','A0046775','0A3D'),(212,'2024-02-29 11:07:19','lgonzalo','2','00015315','13543','13543@05010601','5426','5','A0041960','00FD'),(213,'2024-02-29 11:21:43','lgonzalo','2','00001221','12042','12042@05010113','998','2','A0033129','35C5'),(214,'2024-02-29 16:18:21','lgonzalo','6','00055048','29543','29543@02010508','6373','8','A0047432','CB2D'),(215,'2024-02-29 16:50:52','lgonzalo','2','00015320','13546','13546@05010406','5402','3','A0038390','0B9D'),(216,'2024-02-29 16:57:16','lgonzalo','1','00099982','89079','89079@01011403','5702','8','A0047630','FFED'),(217,'2024-02-29 16:59:27','lgonzalo','2','00015319','13545','13545@05010403','2582','6','A0041693','FF45'),(218,'2024-02-29 17:18:53','lgonzalo','1','00080845','90796','90796@01011503','04035','7','A0047756','3565'),(219,'2024-02-29 17:27:20','lgonzalo','1','00080855','90800','90800@01011212','1139','2','A0047226','C2F5'),(220,'2024-03-01 18:40:10','lgonzalo','5','00002431','2285','2285@04010107','04919','1','A0041614','B08D'),(221,'2024-03-03 09:30:33','lgonzalo','6','00055062','29550','29550@02010709','6265','2','A0047500','120D'),(222,'2024-03-03 10:44:27','lgonzalo','6','00033725','27989','27989@02010715','6236','4','A0047498','B29D'),(223,'2024-03-03 11:01:33','lgonzalo','2','00007585','9142','9142@05010411','3910','2','A0041975','0BCD'),(224,'2024-03-03 12:12:52','lgonzalo','6','00055065','28116','28116@02010704','6223','2','A0047410','1225'),(225,'2024-03-04 10:50:17','lgonzalo','1','00080874','90813','90813@01010501','1614','4','A0047758','FFBD'),(226,'2024-03-04 15:52:29','lgonzalo','2','00007581','12329','12329@05010711','6859','3','A0041697','19DD'),(227,'2024-03-04 16:50:24','lgonzalo','1','00080878','90815','90815@01010515','6641','1','A0047664','7CB5'),(228,'2024-03-04 17:43:58','lgonzalo','1','00080880','90816','90816@01010203','03330','7','A0047211','0085'),(229,'2024-03-05 09:33:55','lgonzalo','2','00015333','13554','13554@05010610','5461','10','A0041698','8B75'),(230,'2024-03-05 10:47:28','lgonzalo','1','00099949','85888','85888@01010510','06645','1','A0048312','7E65'),(231,'2024-03-05 11:23:46','lgonzalo','2','00007595','11826','11826@05010107','1135','10','A0041974','8B8D'),(232,'2024-03-05 11:47:58','lgonzalo','1','00080887','90820','90820@01010503','016290','6','A0047058','0145'),(233,'2024-03-05 11:54:12','lgonzalo','1','00080877','90814','90814@01010413','296','8','A0047721','125D'),(234,'2024-03-06 09:24:11','lgonzalo','6','00055073','29557','29557@02010214','5970','1','A0047404','F5FD'),(235,'2024-03-06 10:07:16','lgonzalo','1','00100092','44451','44451@01010510','6645','2','A0047214','65C5'),(236,'2024-03-06 10:22:40','lgonzalo','6','00055077','29560','29560@02010408','6163','4','A0047405','117D'),(237,'2024-03-06 10:55:02','lgonzalo','5','00002441','2296','2296@04010202','0149','8','A0041642','1A85'),(238,'2024-03-06 11:52:49','lgonzalo','6','00055079','29561','29561@02010709','29561','3','A0046761','1255'),(239,'2024-03-06 11:55:03','lgonzalo','1','00100084','90575','90575@01010512','6551','1','A0047215','8DED'),(240,'2024-03-06 16:42:52','lgonzalo','5','00000732','0165','0165@04010204','0165','6','A0041644','80A5'),(241,'2024-03-06 16:45:29','lgonzalo','5','00000732','1529','1529@04010204','0165','6','A0041644','80A5'),(242,'2024-03-07 09:59:14','lgonzalo','3','00074954','98018','98018@03010313','04148','1','A0048075','A9F5'),(243,'2024-03-07 10:18:55','lgonzalo','1','00001274','90250','90250@01011705','5849','3','A0046085','813D'),(244,'2024-03-07 10:38:36','lgonzalo','6','00055087','29566','29566@02010601','0087','9','A0047401','1315'),(245,'2024-03-07 10:40:56','lgonzalo','1','00100062','87831','87831@01010513','6611','1','A0047646','7D15'),(246,'2024-03-07 10:46:13','lgonzalo','1','00100091','86115','86115@01010516','06630','4','A0047348','5FA5'),(247,'2024-03-07 11:14:06','lgonzalo','5','00002443','2298','2298@04010204','00165','4','A0046535','06D5'),(248,'2024-03-07 13:09:36','lgonzalo','2','00015346','13560','13560@05010513','5539','6','A0041936','0B25'),(249,'2024-03-07 13:22:51','lgonzalo','1','00080907','90833','90833@01010207','293','13','A0048803','6D0C'),(250,'2024-03-07 16:46:51','lgonzalo','2','00015339','13556','13556@05010601','6952','14','A0041647','1B45'),(251,'2024-03-07 16:59:32','lgonzalo','1','00039801','80825','80825@01010514','6626','3','A0047349','7B95'),(252,'2024-03-08 17:28:16','lgonzalo','5','00003742','1853','1853@04010113','04817','4','A0046551','C605'),(253,'2024-03-08 17:32:25','lgonzalo','2','00015349','13562','13562@05010516','5387','16','A0041649','4E65'),(254,'2024-03-08 18:30:47','lgonzalo','5','00003749','1206','1206@04010111','1206','4','A0046559','C4FD'),(255,'2024-03-10 09:13:02','lgonzalo','2','00015359','13568','13568@05010709','06855','6','A0041650','0C2D'),(256,'2024-03-10 11:36:36','lgonzalo','2','00015356','5489','5489@05010210','05444','2','A0041811','1A25'),(257,'2024-03-11 10:25:27','lgonzalo','1','00100155','28551','28551@01010516','6632','4','A0047351','B11D'),(258,'2024-03-11 11:40:06','lgonzalo','2','00015361','13570','13570@05010601','5424','9','A0041813','50E5'),(259,'2024-03-11 12:54:08','lgonzalo','1','00080941','90853','90853@01010515','06638','2','A0048216','8D75'),(260,'2024-03-11 15:25:08','lgonzalo','6','00055106','29582','29582@02010508','6370','1','A0046742','5305'),(261,'2024-03-12 10:20:19','lgonzalo','1','00100170','67517','67517@01010803','6531','2','A0047205','B135'),(262,'2024-03-12 10:33:23','lgonzalo','1','00080948','90859','90859@01010408','0439','8','A0046091','675D'),(263,'2024-03-12 10:37:17','lgonzalo','1','00039807','86812','86812@01010507','01664','8','A0048218','9575'),(264,'2024-03-12 10:54:58','lgonzalo','1','00100195','33618','33618@01011214','1173','5','A00477670','6185'),(265,'2024-03-12 11:03:38','lgonzalo','3','00074968','98029','98029@03010102','04134','3','A48006','A905'),(266,'2024-03-12 11:06:11','lgonzalo','2','00015368','13575','13575@05010314','2584','13','A0041815','5BC5'),(267,'2024-03-12 13:05:28','lgonzalo','6','00055113','29587','29587@02010204','5892','4','A0046677','6D54'),(268,'2024-03-12 16:41:26','lgonzalo','6','00055115','29588','29588@02010207','5922','1','A0046678','5905'),(269,'2024-03-12 16:44:39','lgonzalo','1','00039808','82659','82659@01010112','344','12','A004755','96F5'),(270,'2024-03-13 10:16:40','lgonzalo','5','00002456','2304','2304@04010106','4911','1','A0041816','61CD'),(271,'2024-03-13 10:28:18','lgonzalo','1','00100175','39344','39344@01010807','37420','4','A0046093','8D15'),(272,'2024-03-13 10:47:18','lgonzalo','3','00074972','98032','98032@03011514','2067','2','A0048086','05FD'),(273,'2024-03-13 11:38:14','lgonzalo','5','00002458','2305','2305@04010216','4894','1','A0041817','EB9D'),(274,'2024-03-14 09:48:13','lgonzalo','2','00015384','13572','13572@05010210','5444','3','A0041492','8815'),(275,'2024-03-14 09:50:00','lgonzalo','1','00039812','88354','88354@01011215','01157','3','A0046096','7C25'),(276,'2024-03-14 10:16:01','lgonzalo','1','00100249','59111','59111@01011514','4056','6','A0047357','62BD'),(277,'2024-03-14 10:41:00','lgonzalo','1','00100219','80615','80615@01011501','4068','3','A004883','5F5D'),(278,'2024-03-14 11:31:45','lgonzalo','6','00033778','26644','26644@02010711','6280','1','A0046793','B26D'),(279,'2024-03-14 13:08:08','lgonzalo','1','00100253','58991','58991@01011514','4057','5','A0047359','5FD5'),(280,'2024-03-14 14:01:15','lgonzalo','5','00002467','2310','2310@04010210','04856','6','A0046582','6865'),(285,'2024-03-14 17:08:04','csanchez','1','00080979','34790','34790@01011501','4069','5','A0047360','9665'),(286,'2024-03-15 12:16:15','lgonzalo','6','00055136','29602','29602@02010705','6229','8','A0046647','993D'),(287,'2024-03-15 12:58:18','lgonzalo','1','00100254','58846','58846@01011505','4046','5','A008890','6215'),(288,'2024-03-15 15:58:03','lgonzalo','1','00100210','73934','73934@01010514','6625','4','A0047680','622D'),(289,'2024-03-15 16:38:27','lgonzalo','1','00080984','90882','90882@01010804','3696','4','A0047716','7BF5'),(290,'2024-03-15 17:00:31','lgonzalo','5','00002471','2313','2313@04010113','4821','1','A0041915','438D'),(291,'2024-03-15 18:54:18','lgonzalo','5','00003785','119','119@04010101','04870','1','A0043802','44C5'),(292,'2024-03-15 19:06:31','lgonzalo','5','00002471','2313','2313@04010109','04851','1','A0046588','675D'),(293,'2024-03-15 19:48:48','lgonzalo','4','00001578','1190','1190@06010804','0255','3','A0043802','68DD'),(294,'2024-03-17 09:59:32','lgonzalo','3','00074993','98034','98034@03011508','00530','4','A0048451','AFF5'),(295,'2024-03-17 12:26:00','lgonzalo','5','00003840','2229','2229@04010107','04915','4','A0046587','1685'),(296,'2024-03-18 09:22:49','emora','5','00003823','197','197@04010107','04917','2','AA0043808','18F5'),(297,'2024-03-18 09:51:29','lgonzalo','5','00003807','62','62@04010101','04868','1','A0041810','599D'),(298,'2024-03-18 10:32:26','lgonzalo','1','00100272','52907','52907@01010213','03673','6','A0048229','AABD'),(299,'2024-03-18 10:38:59','lgonzalo','1','00100315','53936','53936@01011507','4031','7','A0048889','395C'),(300,'2024-03-18 10:42:53','lgonzalo','2','00015394','13592','13592@05010115','3894','5','A0041497','59B5'),(301,'2024-03-18 12:12:24','lgonzalo','5','00003831','1810','1810@04010113','4818','1','A0041809','17ED'),(302,'2024-03-18 12:16:14','lgonzalo','6','00055146','29610','29610@02010712','6289','1','A0046650','B165'),(303,'2024-03-18 16:12:39','lgonzalo','5','00003813','1327','1327@04010105','04904','1','A0041961','1F1D'),(304,'2024-03-18 16:42:16','lgonzalo','1','00055139','29605','29605@01010302','1335','4','A0046723','F675'),(305,'2024-03-18 17:03:25','lgonzalo','1','00080992','90878','90878@01011201','0014','6','A0047365','1ED5'),(306,'2024-03-18 17:10:12','lgonzalo','5','00003816','1051','1051@04010111','04842','1','A0041965','215D'),(307,'2024-03-18 17:18:09','lgonzalo','2','00015396','3514','3514@05010403','2575','8','A0041498','622D'),(308,'2024-03-18 17:21:35','lgonzalo','5','00002473','2315','2315@04010205','00156','3','A0046811','44AD'),(309,'2024-03-18 17:23:47','lgonzalo','6','00033797','1246','1246@02010704','6221','3','A0046652','AECD'),(310,'2024-03-19 09:22:09','lgonzalo','5','00003845','2246','2246@04010106','04910','1','A0046820','68C5'),(311,'2024-03-19 09:29:18','lgonzalo','6','00033802','9874','9874@02010703','6213','1','A0046724','6AB5'),(312,'2024-03-19 09:35:20','lgonzalo','2','00015400','13594','13594@05010711','6860','5','A0041499','60F5'),(313,'2024-03-19 10:42:36','lgonzalo','5','00003856','905','905@04010107','4922','1','A0043806','1625'),(314,'2024-03-19 10:45:13','lgonzalo','1','00100267','4886','4886@01010213','03673','2','A0047511','38E4'),(315,'2024-03-19 11:00:55','lgonzalo','1','00100354','89919','89919@01010613','1494','5','A0048873','3BFC'),(316,'2024-03-19 11:04:09','lgonzalo','2','00015388','13275','13275@05010411','3915','14','A0041914','4555'),(317,'2024-03-19 11:12:35','lgonzalo','1','00080997','90888','90888@01010702','1257','6','A0048504','F945'),(318,'2024-03-19 11:24:00','lgonzalo','1','00100358','67230','67230@01011612','02798','2','A0048232','964D'),(319,'2024-03-19 11:30:36','lgonzalo','1','00100275','72737','72737@01010213','3666','5','A0047692','3884'),(320,'2024-03-19 14:24:51','lgonzalo','1','00081004','76257','76257@01011505','4046','6','A0048505','3C55'),(321,'2024-03-19 15:12:57','lgonzalo','1','00055147','29611','29611@01010301','001325','4','A0048454','A865'),(322,'2024-03-19 16:21:11','lgonzalo','1','00100292','18031','18031@01010210','3645','3','A0047693','3944'),(323,'2024-03-20 09:47:45','lgonzalo','6','00033807','2720','2720@02010701','6202','3','A0046729','B14D'),(324,'2024-03-20 10:26:21','lgonzalo','3','00075000','98027','98027@03010104','04157','2','A48100','3535'),(325,'2024-03-20 10:29:14','lgonzalo','5','00003863','1940','1940@04010109','04849','1','A0041808','55DD'),(326,'2024-03-20 10:35:30','lgonzalo','6','00033825','1579','1579@02010501','6321','8','A0046656','6C64'),(327,'2024-03-20 10:39:22','lgonzalo','4','00001804','1129','1129@06010809','000','000','A000','4A9D'),(328,'2024-03-20 11:01:45','lgonzalo','1','00081012','88209','88209@01011207','00','0','A00','3DBD'),(329,'2024-03-20 11:04:34','lgonzalo','1','00081003','90892','90892@01011503','4035','2','A0048876','66FD'),(330,'2024-03-20 11:25:25','lgonzalo','1','00081007','90894','90894@01010612','01487','5','A0047367','F9D5'),(331,'2024-03-20 12:04:16','lgonzalo','1','00100330','780','780@01010210','03645','3','A0047512','38E4'),(332,'2024-03-20 12:05:23','lgonzalo','1','00081009','90895','90895@01010610','1472','4','A0047218','666D'),(333,'2024-03-20 12:07:57','lgonzalo','5','00002475','2316','2316@04010104','04839','1','A004839','43D5'),(334,'2024-03-20 12:10:37','lgonzalo','1','00081011','90896','90896@01010516','6626','1','A0048340','FA65'),(335,'2024-03-20 13:05:15','lgonzalo','6','00055150','29613','29613@02010701','6198','8','A00466567','996D'),(336,'2024-03-20 13:17:16','lgonzalo','4','00001814','1190','1190@06010814','00','0','A0','441D'),(337,'2024-03-20 13:19:15','lgonzalo','2','00015403','13597','13597@05010515','5555','6','A0041830','A97D'),(338,'2024-03-20 15:23:53','lgonzalo','6','00055154','17004','17004@02010507','0','0','A0','98C5'),(339,'2024-03-20 15:53:14','lgonzalo','5','00003867','2038','2038@04010216','04892','1','A0046812','5565'),(340,'2024-03-20 16:37:35','lgonzalo','2','00007689','2677','2677@05010403','2578','2','A0046593','87FD'),(341,'2024-03-20 16:52:55','lgonzalo','1','00081021','90901','90901@01010614','1499','2','A0047553','3CB5'),(342,'2024-03-21 08:55:06','lgonzalo','5','00002482','2320','2320@04010111','04842','3','A0041804','4465'),(343,'2024-03-21 09:28:46','lgonzalo','6','00033828','2893','2893@02010715','6307','4','A0046752','6CC4'),(344,'2024-03-21 10:27:02','lgonzalo','5','00003874','450','450@04010106','4911','2','A0041921','616D'),(345,'2024-03-21 10:43:19','lgonzalo','4','00001057','954','954@06010412','02365','0','A0024535','C595'),(346,'2024-03-21 10:54:59','lgonzalo','1','00081026','90904','90904@01011608','01606','1','A0048240','A8D5'),(347,'2024-03-21 11:28:47','lgonzalo','6','00033817','1198','1198@02010712','6288','2','A0046660','87C5'),(348,'2024-03-21 11:38:51','lgonzalo','1','00081015','90898','90898@01011403','5701','5','A004698','3DD5'),(349,'2024-03-21 14:39:53','lgonzalo','1','00081028','90905','90905@01011501','4066','7','A0048507','3D75'),(350,'2024-03-21 16:58:28','lgonzalo','2','00015406','13599','13599@05010111','1008','7','A0041916','5A2D'),(351,'2024-03-22 12:14:49','lgonzalo','3','00075003','98046','98046@03011508','00530','4','APRECINTO:A','34ED'),(352,'2024-03-22 12:17:04','lgonzalo','6','00033833','26477','26477@02010514','6426','2','A0048602','6CDC'),(353,'2024-03-22 12:31:38','lgonzalo','1','00081045','90915','90915@01011607','01595','7','A0048236','8C0D'),(354,'2024-03-22 12:35:25','lgonzalo','5','00003865','1618','1618@04010102','4877','2','A0041828','2175'),(355,'2024-03-22 13:29:49','lgonzalo','2','00015412','13603','13603@05010210','5444','4','A0041925','A365'),(356,'2024-03-22 16:31:15','lgonzalo','6','00033840','5825','5825@02010715','6311','3','A0048603','AFCD'),(357,'2024-03-22 16:39:20','lgonzalo','1','00081019','33149','33149@01011514','4057','6','A0048912','FA05'),(358,'2024-03-22 17:02:04','lgonzalo','1','00081056','90923','90923@01010503','1630','4','A0048509','3D15'),(359,'2024-03-22 17:23:27','lgonzalo','6','00055162','29620','29620@02010402','6127','5','A0046754','98DD'),(360,'2024-03-22 17:26:08','lgonzalo','6','00055171','29627','29627@02010216','5985','2','A0046745','F765'),(361,'2024-03-22 17:29:21','lgonzalo','5','00003890','603','603@04010107','4916','1','A0041826','1DFD'),(362,'2024-03-22 17:31:58','lgonzalo','5','00002487','2322','2322@04010104','04838','5','A0046809','4435'),(363,'2024-03-22 19:01:07','lgonzalo','1','00081058','90924','90924@01011503','4041','6','A0047558','3D2D'),(364,'2024-03-23 14:00:42','lgonzalo','6','00055176','29630','29630@02010215','5981','1','A0046755','99CD'),(365,'2024-03-23 17:19:07','lgonzalo','1','00081067','90927','90927@01011505','4044','6','A0048511','94B5'),(366,'2024-03-23 17:25:39','lgonzalo','6','00033837','28949','28949@02010715','6311','5','A0043797','6C04'),(367,'2024-03-24 09:23:52','lgonzalo','5','00003923','1381','1381@04010216','4891','4','A0046849','4C7D'),(368,'2024-03-24 09:28:03','lgonzalo','1','00100448','59746','59746@01011505','4049','4','A0048880','6B15'),(369,'2024-03-24 09:36:09','lgonzalo','6','00033838','1297','1297@02010501','6321','5','A0048624','8C9D'),(370,'2024-03-24 09:49:57','lgonzalo','4','00001599','1202','1202@06010806','269','3','A0041526','5985'),(371,'2024-03-24 10:47:10','lgonzalo','6','00055160','29618','29618@02010504','6350','2','A0048629','99E5'),(372,'2024-03-24 10:53:10','lgonzalo','4','00001595','1199','1199@06010801','232','1','A0046843','C5AD'),(373,'2024-03-24 11:15:18','lgonzalo','4','00001602','1204','1204@06010806','269','4','A0041929','1F95'),(374,'2024-03-24 11:26:49','lgonzalo','1','00081059','90886','90886@01010803','6528','2','A0047685','39EC'),(375,'2024-03-24 15:36:56','lgonzalo','1','00081084','5530','5530@01010103','6577','1','A0045192','8E75'),(376,'2024-03-25 10:00:11','lgonzalo','2','00007714','10226','10226@05010709','6855','6','A0041890','F42D'),(377,'2024-03-25 11:19:01','lgonzalo','6','00055173','29628','29628@02010514','6423','3','A0048606','F705'),(378,'2024-03-25 11:46:48','lgonzalo','1','00100461','70337','70337@01011213','01152','6','A0048238','8BDD'),(379,'2024-03-25 12:08:40','lgonzalo','6','00055187','29638','29638@02010508','6369','3','A0048626','99FD'),(380,'2024-03-25 12:13:45','lgonzalo','1','00100419','73570','73570@01011702','5826','3','A0047699','3B84'),(381,'2024-03-25 12:45:33','lgonzalo','1','00100476','31208','31208@01011507','004034','6','A0047372','B01D'),(382,'2024-03-25 12:58:16','lgonzalo','1','00081090','90938','90938@01010204','318','3','A0045194','9695'),(383,'2024-03-25 17:10:55','lgonzalo','5','00003916','1653','1653@04010105','4902','2','A0041824','F565'),(384,'2024-03-25 17:13:12','lgonzalo','1','00100499','40775','40775@01011511','004026','4','A0047374','AE31'),(385,'2024-03-25 18:17:47','lgonzalo','1','00081091','90939','90939@01011410','3651','3','A0047519','39BC'),(386,'2024-03-25 18:19:14','lgonzalo','1','00081068','90928','90928@01011205','34','3','A0045195','3A34'),(387,'2024-03-26 09:11:04','lgonzalo','6','00055189','29639','29639@02010703','6214','1','A0048628','F6A5'),(388,'2024-03-26 10:50:07','lgonzalo','1','00081093','55495','55495@01011514','0','0','A0','8E2D'),(389,'2024-03-26 10:59:05','lgonzalo','1','00081099','90944','90944@01010211','3655','1','A0048348','433D'),(390,'2024-03-26 11:18:28','lgonzalo','6','00055185','26120','26120@02010305','006022','3','A0038862','A59865'),(391,'2024-03-26 11:57:23','lgonzalo','1','00081103','10754','10754@01010808','3725','6','A0048916','9B43E5'),(392,'2024-03-26 12:02:33','lgonzalo','1','00081086','90937','90937@01011414','5791','5','A0048168','A5E794'),(393,'2024-03-26 16:12:37','lgonzalo','6','00055197','4763','4763@02010307','6041','3','A0043793','A79635'),(394,'2024-03-27 09:49:43','lgonzalo','5','00003921','1004','1004@04010211','04856','8','A0046859','612FD'),(395,'2024-03-27 10:42:48','lgonzalo','1','00081119','90956','90956@01011215','1155','1','A0048918','A58DE5'),(396,'2024-03-27 10:56:54','lgonzalo','6','00033849','23694','23694@02010713','6298','7','A0046720','8765'),(397,'2024-03-27 11:24:58','lgonzalo','4','00001608','1208','1208@06010402','02368','5','A0046823','A5C655'),(398,'2024-03-27 11:38:52','lgonzalo','1','00100533','74997','74997@01010211','03650','4','A0025737','A5E794'),(399,'2024-03-27 11:48:16','lgonzalo','6','00055195','29643','29643@02010204','5894','3','A0046737','8B9D'),(400,'2024-03-27 12:03:23','lgonzalo','2','00015424','4969','4969@05010502','5369','6','A0041822','9F882D'),(401,'2024-03-27 16:33:17','lgonzalo','2','00015428','13611','13611@05010205','2587','1','A0041895','92A825'),(402,'2024-03-28 09:05:46','lgonzalo','5','00003937','618','618@04010112','04822','2','A0046829','A01E2D'),(403,'2024-03-28 09:16:01','lgonzalo','5','00003927','2272','2272@04010109','04848','1','A0046855','C0385'),(404,'2024-03-28 09:19:23','lgonzalo','5','00003941','1070','1070@04010109','04848','1','A0046855','C0385'),(405,'2024-03-28 09:26:58','lgonzalo','3','00075012','98054','98054@03011508','00530','3','A0048432','9AAF4D'),(406,'2024-03-28 09:33:09','lgonzalo','2','00015430','13612','13612@05010414','3223','2','A0041850','708D'),(407,'2024-03-28 09:40:12','lgonzalo','1','00081138','90967','90967@01011505','04048','6','A0048520','9B442D'),(408,'2024-03-28 09:51:17','lgonzalo','1','00081112','90952','90952@01010712','06479','4','A0048245','A7C014'),(409,'2024-03-28 10:42:54','lgonzalo','5','00003939','687','687@04010101','04871','4','A0046830','A020E5'),(410,'2024-03-28 11:04:26','lgonzalo','6','00055190','29640','29640@02010216','5986','8','A0048616','A5990D'),(411,'2024-03-28 11:11:34','lgonzalo','3','00075013','98055','98055@03011501','00478','2','A0048437','9AAF1D'),(412,'2024-03-28 12:23:52','lgonzalo','1','00100473','3251','3251@01011214','1171','8','A0045200','C044'),(413,'2024-03-28 12:44:30','lgonzalo','3','00075014','98056','98056@03010110','04218','1','A0048434','9AAEBD'),(414,'2024-03-28 13:01:07','lgonzalo','1','00081129','90962','90962@01010203','0334','4','A0048922','A58D6D'),(415,'2024-03-28 13:54:47','lgonzalo','1','00100557','37562','37562@01011511','4026','5','A0048861','955FED'),(416,'2024-03-31 09:23:13','lgonzalo','6','00055217','29658','29658@02010504','6348','1','A0048635','A795D5'),(417,'2024-03-31 09:51:42','lgonzalo','2','00015435','13587','13587@05010508','5504','2','A0041889','AF5355'),(418,'2024-03-31 10:44:26','lgonzalo','6','00055222','29660','29660@02010712','6286','2','A0048631','A795A5'),(419,'2024-03-31 10:58:57','lgonzalo','2','00015437','13616','13616@05010412','3918','7','A0041896','9BF97D'),(420,'2024-03-31 12:35:32','lgonzalo','1','00081145','90972','90972@01011501','4067','7','A0048925','A58E45');
/*!40000 ALTER TABLE `instalacionftth` ENABLE KEYS */;
UNLOCK TABLES;

--
-- Table structure for table `operador`
--

DROP TABLE IF EXISTS `operador`;
/*!40101 SET @saved_cs_client     = @@character_set_client */;
/*!50503 SET character_set_client = utf8mb4 */;
CREATE TABLE `operador` (
  `id` int NOT NULL AUTO_INCREMENT,
  `nombre` varchar(100) COLLATE utf8mb4_general_ci NOT NULL,
  `accesso` varchar(100) COLLATE utf8mb4_general_ci NOT NULL,
  `user` varchar(45) COLLATE utf8mb4_general_ci NOT NULL,
  PRIMARY KEY (`id`)
) ENGINE=InnoDB AUTO_INCREMENT=5 DEFAULT CHARSET=utf8mb4 COLLATE=utf8mb4_general_ci;
/*!40101 SET character_set_client = @saved_cs_client */;

--
-- Dumping data for table `operador`
--

LOCK TABLES `operador` WRITE;
/*!40000 ALTER TABLE `operador` DISABLE KEYS */;
INSERT INTO `operador` VALUES (1,'Eswin Mora','123','emora'),(2,'Abraham Paredes','123','aparedes'),(3,'Carlos Sánchez','123','csanchez'),(4,'Luis Miguel','123','lgonzalo');
/*!40000 ALTER TABLE `operador` ENABLE KEYS */;
UNLOCK TABLES;

--
-- Table structure for table `t_averia`
--

DROP TABLE IF EXISTS `t_averia`;
/*!40101 SET @saved_cs_client     = @@character_set_client */;
/*!50503 SET character_set_client = utf8mb4 */;
CREATE TABLE `t_averia` (
  `id_averia` int NOT NULL,
  `nombre` text COLLATE utf8mb3_spanish_ci NOT NULL
) ENGINE=InnoDB DEFAULT CHARSET=utf8mb3 COLLATE=utf8mb3_spanish_ci;
/*!40101 SET character_set_client = @saved_cs_client */;

--
-- Dumping data for table `t_averia`
--

LOCK TABLES `t_averia` WRITE;
/*!40000 ALTER TABLE `t_averia` DISABLE KEYS */;
INSERT INTO `t_averia` VALUES (1,'Internet Lento'),(2,'Cambio de Equipo'),(3,'NA'),(4,'Desconfiguracion de Equipo'),(5,'Intermitencia');
/*!40000 ALTER TABLE `t_averia` ENABLE KEYS */;
UNLOCK TABLES;

--
-- Table structure for table `tecnologia`
--

DROP TABLE IF EXISTS `tecnologia`;
/*!40101 SET @saved_cs_client     = @@character_set_client */;
/*!50503 SET character_set_client = utf8mb4 */;
CREATE TABLE `tecnologia` (
  `id` int NOT NULL,
  `nombre` varchar(100) COLLATE utf8mb4_general_ci NOT NULL
) ENGINE=InnoDB DEFAULT CHARSET=utf8mb4 COLLATE=utf8mb4_general_ci;
/*!40101 SET character_set_client = @saved_cs_client */;

--
-- Dumping data for table `tecnologia`
--

LOCK TABLES `tecnologia` WRITE;
/*!40000 ALTER TABLE `tecnologia` DISABLE KEYS */;
INSERT INTO `tecnologia` VALUES (1,'FTTH'),(2,'EOC'),(3,'IPTV con Triplexor');
/*!40000 ALTER TABLE `tecnologia` ENABLE KEYS */;
UNLOCK TABLES;

--
-- Table structure for table `tipos_orden`
--

DROP TABLE IF EXISTS `tipos_orden`;
/*!40101 SET @saved_cs_client     = @@character_set_client */;
/*!50503 SET character_set_client = utf8mb4 */;
CREATE TABLE `tipos_orden` (
  `id` int NOT NULL,
  `nombre` varchar(100) COLLATE utf8mb4_general_ci NOT NULL
) ENGINE=InnoDB DEFAULT CHARSET=utf8mb4 COLLATE=utf8mb4_general_ci;
/*!40101 SET character_set_client = @saved_cs_client */;

--
-- Dumping data for table `tipos_orden`
--

LOCK TABLES `tipos_orden` WRITE;
/*!40000 ALTER TABLE `tipos_orden` DISABLE KEYS */;
INSERT INTO `tipos_orden` VALUES (1,'INSTALACIÓN'),(2,'AVERÍA'),(3,'MUDANZA'),(4,'MIGRACIÓN'),(5,'RECONEXIÓN');
/*!40000 ALTER TABLE `tipos_orden` ENABLE KEYS */;
UNLOCK TABLES;
/*!40103 SET TIME_ZONE=@OLD_TIME_ZONE */;

/*!40101 SET SQL_MODE=@OLD_SQL_MODE */;
/*!40014 SET FOREIGN_KEY_CHECKS=@OLD_FOREIGN_KEY_CHECKS */;
/*!40014 SET UNIQUE_CHECKS=@OLD_UNIQUE_CHECKS */;
/*!40101 SET CHARACTER_SET_CLIENT=@OLD_CHARACTER_SET_CLIENT */;
/*!40101 SET CHARACTER_SET_RESULTS=@OLD_CHARACTER_SET_RESULTS */;
/*!40101 SET COLLATION_CONNECTION=@OLD_COLLATION_CONNECTION */;
/*!40111 SET SQL_NOTES=@OLD_SQL_NOTES */;

-- Dump completed on 2024-03-31 16:43:30
